,Unnamed: 0,Unnamed: 0.1,Unnamed: 0.1.1,model,fuel,km_driven,city,resale_val_new
0,0,0,0,2009,3,"67,220",Ahmedabad,161000
1,1,1,1,2016,1,"80,257",Ahmedabad,510000
2,2,2,2,2008,2,"90,417",Ahmedabad,154000
3,3,3,3,2015,1,"74,684",Ahmedabad,409374
4,4,4,4,2015,1,"40,048",Ahmedabad,481000
5,5,5,5,2010,2,"64,244",Ahmedabad,209000
6,6,6,6,2015,1,"88,628",Ahmedabad,505000
7,7,7,7,2011,2,"46,616",Ahmedabad,210850
8,8,8,8,2009,3,"1,75,616",Ahmedabad,195000
9,9,9,9,2010,3,"92,833",Ahmedabad,190422
10,10,10,10,2011,1,"94,126",Ahmedabad,280000
11,11,11,11,2009,1,"1,76,381",Ahmedabad,170000
12,12,12,12,2013,1,"1,08,338",Ahmedabad,362000
13,13,13,13,2016,1,"63,781",Ahmedabad,564095
14,14,14,14,2014,1,"1,64,088",Ahmedabad,340000
15,15,15,15,2017,1,"1,82,889",Ahmedabad,531000
16,16,16,16,2014,1,"1,16,399",Ahmedabad,407000
17,17,17,17,2014,1,"2,37,583",Ahmedabad,370343
18,18,18,18,2014,1,"1,02,040",Ahmedabad,401000
19,19,19,19,2010,1,"65,242",Ahmedabad,225000
20,20,20,20,2012,3,"1,25,444",Ahmedabad,273009
21,21,21,21,2011,1,"96,366",Ahmedabad,245200
22,22,22,22,2017,1,"1,38,657",Ahmedabad,522000
23,23,23,23,2012,1,"78,000",Ahmedabad,285000
24,24,24,24,2014,1,"1,10,764",Ahmedabad,424000
25,25,25,25,2015,1,"1,51,433",Ahmedabad,279000
26,26,26,26,2009,1,"1,47,506",Ahmedabad,170000
27,27,27,27,2008,3,"1,36,824",Ahmedabad,250000
28,28,28,28,2015,1,"99,682",Ahmedabad,351000
29,29,29,29,2012,1,"2,50,334",Ahmedabad,271000
30,30,30,30,2011,1,"70,089",Ahmedabad,270000
31,31,31,31,2014,2,"1,15,000",Ahmedabad,480000
32,32,32,32,2009,2,"1,13,912",Ahmedabad,140000
33,33,33,33,2008,1,"3,59,081",Ahmedabad,158000
34,34,34,34,2018,1,"35,000",Ahmedabad,650000
35,35,35,35,2014,1,"62,028",Ahmedabad,440000
36,36,36,36,2011,1,"81,714",Ahmedabad,211000
37,37,37,37,2012,1,"78,000",Ahmedabad,335000
38,38,38,38,2012,2,"40,232",Ahmedabad,385000
39,39,39,39,2014,1,"67,975",Ahmedabad,315094
40,40,40,40,2015,1,"1,03,084",Ahmedabad,450000
41,41,41,41,2015,1,"79,479",Ahmedabad,545000
42,42,42,42,2017,1,"37,800",Ahmedabad,720000
43,43,43,43,2011,3,"13,377",Ahmedabad,350000
44,44,44,44,2009,1,"83,887",Ahmedabad,180000
45,45,45,45,2015,3,"66,343",Ahmedabad,450000
46,46,46,46,2013,2,"9,475",Ahmedabad,475000
47,47,47,47,2014,1,"88,394",Ahmedabad,463570
48,48,48,48,2014,1,"98,020",Ahmedabad,450000
49,49,49,49,2009,1,"1,44,235",Ahmedabad,210000
50,50,50,50,2013,2,"72,808",Ahmedabad,270000
51,51,51,51,2012,1,"68,721",Ahmedabad,245000
52,52,52,52,2008,3,"66,416",Ahmedabad,226000
53,53,53,53,2012,1,"2,85,916",Ahmedabad,240000
54,54,54,54,2009,3,"77,255",Ahmedabad,198000
55,55,55,55,2008,2,"1,02,051",Ahmedabad,160000
56,56,56,56,2014,2,"80,199",Ahmedabad,378000
57,57,57,57,2008,1,"1,45,072",Ahmedabad,172000
58,58,58,58,2014,1,"1,32,720",Ahmedabad,325000
59,59,59,59,2008,2,"1,16,846",Ahmedabad,150000
60,60,60,60,2012,1,"89,760",Ahmedabad,325000
61,61,61,61,2010,1,"1,51,380",Ahmedabad,200000
62,62,62,62,2009,3,"72,197",Ahmedabad,270000
63,63,63,63,2013,2,"85,123",Ahmedabad,260000
64,64,64,64,2008,1,"2,29,908",Ahmedabad,156000
65,65,65,65,2009,3,"1,04,301",Ahmedabad,220000
66,66,66,66,2014,1,"88,018",Ahmedabad,430000
67,67,67,67,2009,1,"45,198",Ahmedabad,220000
68,68,68,68,2009,1,"2,00,994",Ahmedabad,200000
69,69,69,69,2012,1,"91,116",Ahmedabad,360000
70,70,70,70,2012,1,"1,01,966",Ahmedabad,450000
71,71,71,71,2008,1,"1,01,454",Ahmedabad,190000
72,72,72,72,2013,1,"1,30,420",Ahmedabad,350000
73,73,73,73,2014,1,"1,03,165",Ahmedabad,350000
74,74,74,74,2014,3,"85,308",Ahmedabad,550000
75,75,75,75,2015,1,"1,22,385",Ahmedabad,450000
76,76,76,76,2011,1,"75,717",Ahmedabad,245000
77,77,77,77,2015,1,"1,26,613",Ahmedabad,440633
78,78,78,78,2015,1,"19,616",Ahmedabad,485000
79,79,79,79,2011,1,"1,33,776",Ahmedabad,250000
80,80,80,80,2011,3,"98,825",Ahmedabad,255000
81,81,81,81,2015,1,"77,189",Ahmedabad,450000
82,82,82,82,2009,3,"83,863",Ahmedabad,245000
83,83,83,83,2011,3,"1,11,511",Ahmedabad,225000
84,84,84,84,2013,1,"86,548",Ahmedabad,400000
85,85,85,85,2008,1,"59,286",Ahmedabad,150000
86,86,86,86,2011,3,"97,876",Ahmedabad,180000
87,87,87,87,2010,1,"91,228",Ahmedabad,250000
88,88,88,88,2011,1,"1,58,084",Ahmedabad,250000
89,89,89,89,2010,1,"71,028",Ahmedabad,285000
90,90,90,90,2012,1,"91,441",Ahmedabad,310000
91,91,91,91,2012,1,"66,863",Ahmedabad,215000
92,92,92,92,2016,1,"94,841",Ahmedabad,520000
93,93,93,93,2008,1,"1,90,915",Ahmedabad,225000
94,94,94,94,2016,1,"2,24,786",Ahmedabad,400000
95,95,95,95,2010,3,"70,542",Ahmedabad,183000
96,96,96,96,2014,1,"1,70,757",Ahmedabad,400000
97,97,97,97,2012,1,"1,23,138",Ahmedabad,375000
98,98,98,98,2008,1,"60,226",Ahmedabad,190000
99,99,99,99,2011,1,"71,764",Ahmedabad,280000
100,100,100,100,2011,1,"1,40,068",Ahmedabad,300000
101,101,101,101,2011,1,"1,31,596",Ahmedabad,225000
102,102,102,102,2013,1,"1,24,010",Ahmedabad,360000
103,103,103,103,2008,1,"85,382",Ahmedabad,175000
104,104,104,104,2009,1,"1,37,802",Ahmedabad,210000
105,105,105,105,2015,1,"68,507",Ahmedabad,500000
106,106,106,106,2008,3,"1,68,500",Ahmedabad,205000
107,107,107,107,2013,1,"2,00,944",Ahmedabad,250000
108,108,108,108,2013,1,"1,04,404",Ahmedabad,340000
109,109,109,109,2014,1,"1,07,757",Ahmedabad,400000
110,110,110,110,2015,1,"85,073",Ahmedabad,450000
111,111,111,111,2009,1,"80,059",Ahmedabad,260000
112,112,112,112,2011,1,"2,32,511",Ahmedabad,200000
113,113,113,113,2010,1,"1,47,402",Ahmedabad,280000
114,114,114,114,2009,1,"1,04,704",Ahmedabad,210000
115,115,115,115,2014,1,"71,767",Ahmedabad,410000
116,116,116,116,2010,3,"1,03,279",Ahmedabad,280000
117,117,117,117,2013,2,"66,075",Ahmedabad,400000
118,118,118,118,2014,1,"1,40,588",Ahmedabad,425000
119,119,119,119,2014,1,"1,16,483",Ahmedabad,375000
120,120,120,120,2008,1,"1,64,658",Ahmedabad,175000
121,121,121,121,2012,1,"89,428",Ahmedabad,350000
122,122,122,122,2008,1,"96,034",Ahmedabad,170000
123,123,123,123,2009,3,"84,154",Ahmedabad,250000
124,124,124,124,2014,1,"1,17,493",Ahmedabad,500000
125,125,125,125,2012,1,"1,34,010",Ahmedabad,400000
126,126,126,126,2013,1,"70,833",Ahmedabad,400000
127,127,127,127,2011,1,"1,03,991",Ahmedabad,300000
128,128,128,128,2008,1,"1,05,073",Ahmedabad,150000
129,129,129,129,2011,1,"1,10,167",Ahmedabad,250000
130,130,130,130,2014,1,"2,06,779",Ahmedabad,350000
131,131,131,131,2008,3,"66,286",Ahmedabad,190000
132,132,132,132,2014,1,"86,287",Ahmedabad,430000
133,133,133,133,2010,2,"1,28,764",Ahmedabad,185000
134,134,134,134,2013,1,"1,29,432",Ahmedabad,425000
135,135,135,135,2011,1,"84,059",Ahmedabad,350000
136,136,136,136,2011,1,"1,53,257",Ahmedabad,300000
137,137,137,137,2014,1,"1,58,023",Ahmedabad,200000
138,138,138,138,2008,1,"1,12,097",Ahmedabad,200000
139,139,139,139,2010,1,"98,937",Ahmedabad,200000
140,140,140,140,2011,1,"72,670",Ahmedabad,260000
141,141,141,141,2014,1,"1,15,252",Ahmedabad,450000
142,142,142,142,2008,3,"86,555",Ahmedabad,200000
143,143,143,143,2009,1,"95,627",Ahmedabad,200000
144,144,144,144,2012,1,"1,49,680",Ahmedabad,300000
145,145,145,145,2009,1,"1,83,965",Ahmedabad,200000
146,146,146,146,2010,1,"1,39,979",Ahmedabad,260000
147,147,147,147,2010,3,"1,08,759",Ahmedabad,200000
148,148,148,148,2011,3,"88,915",Ahmedabad,225000
149,149,149,149,2011,1,"1,21,617",Ahmedabad,190000
150,150,150,150,2013,1,"72,665",Ahmedabad,300000
151,151,151,151,2014,1,"77,007",Ahmedabad,410000
152,152,152,152,2008,1,"71,006",Ahmedabad,200000
153,153,153,153,2008,1,"95,959",Ahmedabad,200000
154,154,154,154,2012,1,"87,946",Ahmedabad,325000
155,155,155,155,2015,1,"97,573",Ahmedabad,550000
156,156,156,156,2008,1,"1,53,413",Ahmedabad,200000
157,157,157,157,2014,1,"1,13,077",Ahmedabad,405000
158,158,158,158,2011,3,"1,14,907",Ahmedabad,225000
159,159,159,159,2013,1,"1,10,424",Ahmedabad,370000
160,160,160,160,2014,1,"1,51,989",Ahmedabad,430000
161,161,161,161,2015,1,"68,404",Ahmedabad,500000
162,162,162,162,2013,1,"91,130",Ahmedabad,280000
163,163,163,163,2012,1,"79,970",Ahmedabad,300000
164,164,164,164,2016,1,"1,06,035",Ahmedabad,500000
165,165,165,165,2012,1,"1,11,811",Ahmedabad,260000
166,166,166,166,2013,1,"71,487",Ahmedabad,450000
167,167,167,167,2014,1,"92,468",Ahmedabad,400000
168,168,168,168,2009,1,"1,68,974",Ahmedabad,200000
169,169,169,169,2014,1,"82,869",Ahmedabad,380000
170,170,170,170,2015,1,"44,150",Ahmedabad,550000
171,171,171,171,2009,1,"1,24,838",Ahmedabad,150000
172,172,172,172,2012,1,"94,634",Ahmedabad,310000
173,173,173,173,2014,1,"75,198",Ahmedabad,450000
174,174,174,174,2013,1,"51,992",Ahmedabad,450000
175,175,175,175,2011,1,"92,137",Ahmedabad,270000
176,176,176,176,2014,1,"1,52,963",Ahmedabad,400000
177,177,177,177,2015,1,"38,746",Ahmedabad,540000
178,178,178,178,2014,3,"81,455",Ahmedabad,375000
179,179,179,0,2010,2,"1,07,055",Mumbai,189011
180,180,180,1,2012,1,"1,16,239",Mumbai,403918
181,181,181,2,2014,2,"1,07,073",Mumbai,389700
182,182,182,3,2010,2,"28,883",Mumbai,300000
183,183,183,4,2010,2,"68,475",Mumbai,134000
184,184,184,5,2013,2,"58,052",Mumbai,325000
185,185,185,6,2015,1,"71,742",Mumbai,360000
186,186,186,7,2016,1,"66,171",Mumbai,512000
187,187,187,8,2010,2,"70,342",Mumbai,225000
188,188,188,9,2008,1,"1,94,837",Mumbai,200000
189,189,189,10,2014,2,"43,912",Mumbai,419000
190,190,190,11,2014,1,"25,000",Mumbai,500000
191,191,191,12,2015,1,"1,52,541",Mumbai,542435
192,192,192,13,2012,1,"1,24,267",Mumbai,425000
193,193,193,14,2011,3,"85,043",Mumbai,190001
194,194,194,15,2016,2,"5,685",Mumbai,569000
195,195,195,16,2008,1,"1,24,568",Mumbai,260000
196,196,196,17,2010,2,"41,562",Mumbai,254000
197,197,197,18,2016,1,"93,175",Mumbai,505000
198,198,198,19,2010,1,"1,63,000",Mumbai,300000
199,199,199,20,2012,2,"38,394",Mumbai,301000
200,200,200,21,2008,1,"1,31,119",Mumbai,200000
201,201,201,22,2009,2,"71,000",Mumbai,195000
202,202,202,23,2009,2,"51,998",Mumbai,200000
203,203,203,24,2010,1,"98,853",Mumbai,300000
204,204,204,25,2016,2,"43,127",Mumbai,435000
205,205,205,26,2009,2,"71,419",Mumbai,192000
206,206,206,27,2010,2,"84,723",Mumbai,316000
207,207,207,28,2010,2,"38,329",Mumbai,296000
208,208,208,29,2012,2,"16,548",Mumbai,385000
209,209,209,30,2010,1,"66,220",Mumbai,298000
210,210,210,31,2012,1,"97,244",Mumbai,355000
211,211,211,32,2010,2,"57,714",Mumbai,220000
212,212,212,33,2018,2,"9,000",Mumbai,700000
213,213,213,34,2010,1,"75,260",Mumbai,375000
214,214,214,35,2019,0,"40,000",Mumbai,675000
215,215,215,36,2014,2,"20,589",Mumbai,360000
216,216,216,37,2015,1,"1,35,000",Mumbai,325000
217,217,217,38,2015,1,"78,504",Mumbai,348042
218,218,218,39,2016,2,"34,948",Mumbai,450000
219,219,219,40,2013,1,"1,06,282",Mumbai,450000
220,220,220,41,2010,2,"62,055",Mumbai,200000
221,221,221,42,2012,3,"59,935",Mumbai,325000
222,222,222,43,2009,3,"76,696",Mumbai,222000
223,223,223,44,2012,1,"36,653",Mumbai,398000
224,224,224,45,2010,2,"80,326",Mumbai,275000
225,225,225,46,2010,1,"1,17,567",Mumbai,300000
226,226,226,47,2015,2,"45,333",Mumbai,425589
227,227,227,48,2015,2,"51,064",Mumbai,410000
228,228,228,49,2010,2,"1,03,077",Mumbai,190000
229,229,229,50,2010,2,"66,000",Mumbai,225000
230,230,230,51,2012,1,"62,537",Mumbai,260000
231,231,231,52,2008,2,"1,01,282",Mumbai,140000
232,232,232,53,2014,2,"29,873",Mumbai,450000
233,233,233,54,2012,1,"1,05,047",Mumbai,390000
234,234,234,55,2009,3,100,Mumbai,175000
235,235,235,56,2016,2,"7,800",Mumbai,500000
236,236,236,57,2010,2,"88,619",Mumbai,200000
237,237,237,58,2013,1,"48,986",Mumbai,400000
238,238,238,59,2013,2,"38,522",Mumbai,310000
239,239,239,60,2011,3,"1,30,014",Mumbai,195000
240,240,240,61,2012,1,"46,022",Mumbai,408000
241,241,241,62,2014,1,"56,611",Mumbai,375000
242,242,242,63,2016,1,"97,000",Mumbai,500000
243,243,243,64,2011,1,"1,04,255",Mumbai,290000
244,244,244,65,2013,1,"1,48,624",Mumbai,400000
245,245,245,66,2012,1,"1,00,256",Mumbai,399000
246,246,246,67,2011,2,"22,389",Mumbai,250000
247,247,247,68,2008,3,"78,279",Mumbai,154000
248,248,248,69,2016,2,"30,672",Mumbai,510000
249,249,249,70,2009,2,"83,615",Mumbai,256000
250,250,250,71,2010,3,"90,378",Mumbai,180000
251,251,251,72,2013,1,"41,225",Mumbai,450000
252,252,252,73,2009,2,"31,112",Mumbai,220000
253,253,253,74,2009,2,"45,886",Mumbai,220000
254,254,254,75,2009,2,"60,802",Mumbai,225000
255,255,255,76,2012,2,"70,185",Mumbai,350000
256,256,256,77,2011,3,"1,07,113",Mumbai,175000
257,257,257,78,2011,1,"1,10,968",Mumbai,318000
258,258,258,79,2009,1,"89,253",Mumbai,345000
259,259,259,80,2010,1,"3,06,601",Mumbai,250000
260,260,260,81,2010,2,"42,810",Mumbai,224000
261,261,261,82,2014,1,"45,609",Mumbai,449000
262,262,262,83,2013,2,"52,301",Mumbai,513053
263,263,263,84,2013,2,"49,408",Mumbai,325000
264,264,264,85,2010,1,"1,61,407",Mumbai,275000
265,265,265,86,2011,1,"1,27,865",Mumbai,310000
266,266,266,87,2011,2,"60,104",Mumbai,248000
267,267,267,88,2016,1,"54,359",Mumbai,586000
268,268,268,89,2013,2,"25,282",Mumbai,400000
269,269,269,90,2015,2,"56,892",Mumbai,475000
270,270,270,91,2008,1,"75,008",Mumbai,240000
271,271,271,92,2013,2,"69,030",Mumbai,440000
272,272,272,93,2010,1,"91,054",Mumbai,250000
273,273,273,94,2008,3,"98,967",Mumbai,210000
274,274,274,95,2009,2,"83,356",Mumbai,190000
275,275,275,96,2008,2,"57,518",Mumbai,170000
276,276,276,97,2014,2,"52,155",Mumbai,425000
277,277,277,98,2011,2,"32,621",Mumbai,280000
278,278,278,99,2010,2,"1,00,361",Mumbai,195000
279,279,279,100,2013,2,"33,101",Mumbai,399000
280,280,280,101,2009,2,"72,621",Mumbai,200000
281,281,281,102,2009,3,"1,03,968",Mumbai,225000
282,282,282,103,2014,2,"40,614",Mumbai,400000
283,283,283,104,2015,2,"8,642",Mumbai,500000
284,284,284,105,2010,1,"1,39,142",Mumbai,250000
285,285,285,106,2009,2,"49,103",Mumbai,245000
286,286,286,107,2009,2,"3,099",Mumbai,165000
287,287,287,108,2015,2,"55,947",Mumbai,475000
288,288,288,109,2009,1,"1,82,703",Mumbai,210000
289,289,289,110,2011,2,"77,872",Mumbai,240000
290,290,290,111,2013,1,"81,124",Mumbai,520000
291,291,291,112,2009,2,"54,107",Mumbai,195000
292,292,292,113,2009,2,"73,396",Mumbai,225000
293,293,293,114,2014,1,"36,611",Mumbai,480000
294,294,294,115,2012,1,"1,78,304",Mumbai,300000
295,295,295,116,2013,2,"54,353",Mumbai,450000
296,296,296,117,2008,1,"1,05,478",Mumbai,250000
297,297,297,118,2009,1,"86,868",Mumbai,255000
298,298,298,119,2015,2,"7,209",Mumbai,500000
299,299,299,120,2011,2,"87,069",Mumbai,220000
300,300,300,121,2012,2,"1,12,312",Mumbai,350000
301,301,301,122,2009,1,"1,12,484",Mumbai,225000
302,302,302,123,2013,2,"94,919",Mumbai,350000
303,303,303,124,2010,1,"83,646",Mumbai,325000
304,304,304,125,2009,2,"62,010",Mumbai,200000
305,305,305,126,2012,2,"1,23,849",Mumbai,275000
306,306,306,127,2009,2,"71,551",Mumbai,195000
307,307,307,128,2012,2,"46,071",Mumbai,350000
308,308,308,129,2008,2,"1,10,974",Mumbai,175000
309,309,309,130,2009,2,"61,044",Mumbai,250000
310,310,310,131,2009,1,"1,34,887",Mumbai,225000
311,311,311,132,2013,2,"58,196",Mumbai,400000
312,312,312,133,2011,1,"80,688",Mumbai,350000
313,313,313,134,2008,1,"1,65,394",Mumbai,250000
314,314,314,135,2015,2,"20,121",Mumbai,450000
315,315,315,136,2017,2,"40,357",Mumbai,525000
316,316,316,137,2010,1,"2,05,705",Mumbai,195000
317,317,317,138,2012,3,"89,232",Mumbai,400000
318,318,318,139,2008,2,"67,643",Mumbai,250000
319,319,319,140,2008,2,"29,626",Mumbai,230000
320,320,320,141,2011,3,"84,055",Mumbai,245000
321,321,321,142,2009,3,"68,708",Mumbai,250000
322,322,322,143,2008,3,"64,682",Mumbai,190000
323,323,323,144,2010,2,"24,060",Mumbai,250000
324,324,324,145,2013,2,"10,546",Mumbai,400000
325,325,325,146,2013,2,"77,434",Mumbai,320000
326,326,326,147,2009,2,"1,36,341",Mumbai,175000
327,327,327,148,2008,3,"98,980",Mumbai,190000
328,328,328,149,2011,3,"1,06,570",Mumbai,225000
329,329,329,150,2011,2,"79,523",Mumbai,290000
330,330,330,151,2008,2,"60,536",Mumbai,160000
331,331,331,152,2010,2,"32,650",Mumbai,225000
332,332,332,153,2014,1,"42,994",Mumbai,475000
333,333,333,0,2015,1,"1,25,954",Hyderabad,629700
334,334,334,1,2016,1,"1,00,228",Hyderabad,649800
335,335,335,2,2015,1,"59,826",Hyderabad,663100
336,336,336,3,2010,2,"40,754",Hyderabad,326000
337,337,337,4,2015,1,"75,000",Hyderabad,650000
338,338,338,5,2016,1,"78,239",Hyderabad,552000
339,339,339,6,2009,1,"1,34,080",Hyderabad,250000
340,340,340,7,2015,1,"1,56,014",Hyderabad,425000
341,341,341,8,2016,2,"35,916",Hyderabad,600000
342,342,342,9,2014,1,"66,655",Hyderabad,520000
343,343,343,10,2016,1,"84,000",Hyderabad,350000
344,344,344,11,2015,1,"98,699",Hyderabad,520000
345,345,345,12,2014,1,"2,00,000",Hyderabad,450000
346,346,346,13,2014,1,"1,54,449",Hyderabad,500000
347,347,347,14,2012,1,"1,10,325",Hyderabad,381000
348,348,348,15,2008,1,"1,15,395",Hyderabad,255000
349,349,349,16,2015,1,"85,422",Hyderabad,575000
350,350,350,17,2015,2,"26,000",Hyderabad,610000
351,351,351,18,2010,1,"1,40,264",Hyderabad,348200
352,352,352,19,2014,1,"1,16,082",Hyderabad,525000
353,353,353,20,2012,1,"1,58,102",Hyderabad,594000
354,354,354,21,2013,1,"83,944",Hyderabad,419000
355,355,355,22,2013,2,"39,378",Hyderabad,451000
356,356,356,23,2016,1,"56,116",Hyderabad,645000
357,357,357,24,2009,1,"2,20,430",Hyderabad,250000
358,358,358,25,2015,1,"62,956",Hyderabad,550000
359,359,359,26,2009,1,"1,43,148",Hyderabad,241000
360,360,360,27,2012,1,"1,85,565",Hyderabad,423000
361,361,361,28,2016,1,"2,50,000",Hyderabad,370000
362,362,362,29,2019,1,"39,500",Hyderabad,810000
363,363,363,30,2016,1,"93,214",Hyderabad,440000
364,364,364,31,2015,1,"1,46,067",Hyderabad,550000
365,365,365,32,2015,1,"25,000",Hyderabad,620000
366,366,366,33,2009,2,"69,414",Hyderabad,388000
367,367,367,34,2014,1,"89,005",Hyderabad,600000
368,368,368,35,2014,1,"69,550",Hyderabad,530000
369,369,369,36,2016,2,"29,000",Hyderabad,575000
370,370,370,37,2014,1,"43,032",Hyderabad,600000
371,371,371,38,2015,1,"1,27,267",Hyderabad,400000
372,372,372,39,2013,2,"50,001",Hyderabad,381000
373,373,373,40,2015,1,"43,823",Hyderabad,560000
374,374,374,41,2013,1,"30,950",Hyderabad,500000
375,375,375,42,2016,1,"31,431",Hyderabad,650000
376,376,376,43,2015,1,"1,13,131",Hyderabad,550000
377,377,377,44,2015,1,"78,568",Hyderabad,540000
378,378,378,45,2014,1,"79,614",Hyderabad,445000
379,379,379,46,2015,2,"59,254",Hyderabad,650000
380,380,380,47,2015,2,"64,143",Hyderabad,560000
381,381,381,48,2012,1,"2,32,327",Hyderabad,360000
382,382,382,49,2014,1,"51,112",Hyderabad,560000
383,383,383,50,2014,1,"41,552",Hyderabad,600000
384,384,384,51,2015,1,"52,854",Hyderabad,600000
385,385,385,52,2014,1,"96,171",Hyderabad,500000
386,386,386,53,2015,1,"78,713",Hyderabad,540000
387,387,387,54,2017,1,"95,084",Hyderabad,620000
388,388,388,55,2013,2,"1,04,457",Hyderabad,420000
389,389,389,56,2014,2,"16,825",Hyderabad,500000
390,390,390,57,2014,1,"66,932",Hyderabad,580000
391,391,391,58,2017,1,"53,700",Hyderabad,650000
392,392,392,59,2015,1,"45,249",Hyderabad,610000
393,393,393,60,2014,2,"16,801",Hyderabad,500000
394,394,394,61,2013,1,"50,708",Hyderabad,470000
395,395,395,62,2010,1,"2,59,333",Hyderabad,280000
396,396,396,63,2015,1,"83,903",Hyderabad,540000
397,397,397,64,2014,2,"42,444",Hyderabad,520000
398,398,398,65,2017,1,"52,457",Hyderabad,700000
399,399,399,0,2017,1,"67,246",Kolkata,530000
400,400,400,1,2011,1,"79,813",Kolkata,300000
401,401,401,2,2010,1,"1,87,778",Kolkata,170000
402,402,402,3,2012,2,"6,010",Kolkata,400000
403,403,403,4,2013,1,"48,762",Kolkata,350000
404,404,404,5,2016,2,"38,416",Kolkata,455000
405,405,405,6,2013,1,"1,28,157",Kolkata,350000
406,406,406,7,2015,1,"48,000",Kolkata,420000
407,407,407,8,2014,2,"33,800",Kolkata,450000
408,408,408,9,2015,1,"1,35,000",Kolkata,315000
409,409,409,10,2011,2,"30,200",Kolkata,220000
410,410,410,11,2013,2,"58,309",Kolkata,305000
411,411,411,12,2010,1,"70,080",Kolkata,230000
412,412,412,13,2015,1,"52,000",Kolkata,360000
413,413,413,14,2013,1,"1,08,962",Kolkata,350000
414,414,414,15,2014,1,"57,852",Kolkata,500000
415,415,415,16,2010,2,"91,771",Kolkata,142000
416,416,416,17,2013,1,"77,326",Kolkata,376000
417,417,417,18,2015,2,"53,952",Kolkata,450000
418,418,418,19,2016,2,"23,608",Kolkata,410000
419,419,419,20,2016,2,"11,386",Kolkata,565000
420,420,420,21,2009,2,"70,498",Kolkata,150000
421,421,421,22,2011,2,"66,347",Kolkata,200000
422,422,422,23,2008,1,"1,28,149",Kolkata,160000
423,423,423,24,2015,1,"70,998",Kolkata,261000
424,424,424,25,2016,2,"12,354",Kolkata,430000
425,425,425,26,2013,2,"13,658",Kolkata,350000
426,426,426,27,2011,2,"45,154",Kolkata,200000
427,427,427,28,2010,2,"1,39,069",Kolkata,165000
428,428,428,29,2013,2,"75,068",Kolkata,300000
429,429,429,30,2013,2,"59,373",Kolkata,235000
430,430,430,31,2012,1,"49,850",Kolkata,335000
431,431,431,32,2013,2,"50,550",Kolkata,320000
432,432,432,33,2010,2,"1,12,633",Kolkata,135000
433,433,433,34,2017,1,"36,276",Kolkata,485000
434,434,434,35,2015,1,"74,614",Kolkata,400000
435,435,435,36,2013,1,"49,112",Kolkata,350000
436,436,436,37,2015,2,"38,513",Kolkata,340000
437,437,437,38,2014,1,"88,219",Kolkata,250000
438,438,438,39,2012,1,"47,954",Kolkata,300000
439,439,439,40,2013,1,"91,645",Kolkata,320000
440,440,440,41,2014,1,"44,668",Kolkata,400000
441,441,441,42,2013,2,"49,748",Kolkata,350000
442,442,442,43,2016,1,"55,322",Kolkata,480000
443,443,443,44,2013,1,"46,605",Kolkata,240000
444,444,444,45,2014,2,"32,860",Kolkata,360000
445,445,445,46,2016,1,"52,972",Kolkata,450000
446,446,446,47,2013,1,"98,239",Kolkata,350000
447,447,447,48,2014,2,"59,105",Kolkata,270000
448,448,448,49,2017,2,"26,622",Kolkata,425000
449,449,449,50,2013,2,"71,811",Kolkata,440000
450,450,450,51,2012,2,"49,982",Kolkata,295000
451,451,451,52,2014,2,"45,441",Kolkata,330000
452,452,452,53,2010,1,"1,03,520",Kolkata,220000
453,453,453,54,2013,2,"27,432",Kolkata,325000
454,454,454,55,2015,1,"52,935",Kolkata,400000
455,455,455,56,2009,2,"61,502",Kolkata,190000
456,456,456,57,2015,1,"28,740",Kolkata,380000
457,457,457,58,2016,1,"1,04,031",Kolkata,525000
458,458,458,59,2014,1,"1,04,691",Kolkata,350000
459,459,459,60,2012,1,"45,303",Kolkata,320000
460,460,460,61,2014,2,"89,194",Kolkata,340000
461,461,461,62,2014,1,"56,412",Kolkata,400000
462,462,462,63,2011,1,"1,49,894",Kolkata,180000
463,463,463,64,2011,2,"47,752",Kolkata,350000
464,464,464,65,2012,1,"83,914",Kolkata,400000
465,465,465,66,2009,1,"50,242",Kolkata,220000
466,466,466,67,2008,2,"59,420",Kolkata,150000
467,467,467,68,2008,1,"1,12,909",Kolkata,180000
468,468,468,69,2013,1,"41,032",Kolkata,400000
469,469,469,70,2012,2,"27,134",Kolkata,350000
470,470,470,71,2013,1,"52,148",Kolkata,300000
471,471,471,72,2014,1,"98,436",Kolkata,400000
472,472,472,73,2015,2,"32,535",Kolkata,390000
473,473,473,74,2011,1,"1,69,900",Kolkata,200000
474,474,474,0,2013,1,"59,148",Pune,330000
475,475,475,1,2018,2,"19,200",Pune,500000
476,476,476,2,2008,3,"98,473",Pune,170000
477,477,477,3,2008,2,"97,168",Pune,225000
478,478,478,4,2010,2,"61,252",Pune,215000
479,479,479,5,2009,2,"1,61,730",Pune,225000
480,480,480,6,2014,3,"88,391",Pune,360065
481,481,481,7,2009,1,"1,50,000",Pune,325000
482,482,482,8,2018,1,"1,19,555",Pune,600000
483,483,483,9,2017,1,"57,841",Pune,400000
484,484,484,10,2013,1,"42,685",Pune,470000
485,485,485,11,2015,3,"34,920",Pune,470000
486,486,486,12,2010,2,"52,508",Pune,200000
487,487,487,13,2015,1,"1,13,296",Pune,530000
488,488,488,14,2015,1,"64,185",Pune,750000
489,489,489,15,2015,1,1,Pune,250000
490,490,490,16,2011,3,"1,05,362",Pune,310000
491,491,491,17,2013,1,"63,251",Pune,430000
492,492,492,18,2014,1,"92,101",Pune,550000
493,493,493,19,2011,2,"61,500",Pune,315000
494,494,494,20,2014,1,"1,50,000",Pune,525000
495,495,495,21,2018,1,"88,888",Pune,300000
496,496,496,22,2013,1,"69,078",Pune,510000
497,497,497,23,2011,1,"1,17,396",Pune,305000
498,498,498,24,2018,1,"10,80,000",Pune,560000
499,499,499,25,2016,1,"1,30,000",Pune,300000
500,500,500,26,2016,1,"1,25,000",Pune,375000
501,501,501,27,2015,1,"1,58,000",Pune,360000
502,502,502,28,2010,3,"93,925",Pune,260000
503,503,503,29,2011,1,"86,705",Pune,350000
504,504,504,30,2016,1,"86,000",Pune,625000
505,505,505,31,2013,2,"16,500",Pune,400000
506,506,506,32,2012,1,"1,23,531",Pune,400000
507,507,507,33,2012,2,"87,426",Pune,350000
508,508,508,34,2015,1,"96,000",Pune,350000
509,509,509,35,2016,2,"40,738",Pune,610000
510,510,510,36,2012,2,"60,287",Pune,330000
511,511,511,37,2011,3,"85,986",Pune,200000
512,512,512,38,2016,1,"79,022",Pune,650000
513,513,513,39,2009,1,"96,153",Pune,225000
514,514,514,40,2017,1,"43,687",Pune,762000
515,515,515,41,2010,1,"72,611",Pune,310000
516,516,516,42,2010,1,"1,47,778",Pune,290000
517,517,517,43,2010,1,"2,02,020",Pune,250000
518,518,518,44,2012,2,"1,22,750",Pune,300000
519,519,519,45,2014,1,"1,12,321",Pune,510000
520,520,520,46,2013,1,"1,36,978",Pune,300000
521,521,521,47,2015,1,"2,16,229",Pune,550000
522,522,522,48,2017,1,"86,602",Pune,500000
523,523,523,49,2015,1,"74,498",Pune,280000
524,524,524,50,2014,1,"1,81,222",Pune,300000
525,525,525,51,2018,1,"67,746",Pune,400000
526,526,526,52,2012,1,"1,41,679",Pune,430000
527,527,527,53,2008,2,"98,464",Pune,170000
528,528,528,54,2012,1,"1,04,361",Pune,450000
529,529,529,55,2016,1,"1,27,796",Pune,400000
530,530,530,56,2015,1,"2,76,533",Pune,420000
531,531,531,57,2019,3,"17,338",Pune,500000
532,532,532,58,2016,1,"69,992",Pune,600000
533,533,533,59,2008,3,"82,425",Pune,260000
534,534,534,60,2016,1,"82,483",Pune,677153
535,535,535,61,2015,1,"1,11,267",Pune,300000
536,536,536,62,2015,1,"1,40,279",Pune,510000
537,537,537,63,2018,1,"1,57,089",Pune,450000
538,538,538,64,2012,2,"70,090",Pune,400000
539,539,539,65,2014,2,"52,512",Pune,500000
540,540,540,66,2011,3,"1,02,095",Pune,250000
541,541,541,67,2014,2,"1,28,163",Pune,350000
542,542,542,68,2014,1,"1,32,609",Pune,400000
543,543,543,69,2015,2,"43,499",Pune,375000
544,544,544,70,2009,1,"1,29,442",Pune,210000
545,545,545,71,2010,1,"1,54,049",Pune,300000
546,546,546,72,2012,2,"41,172",Pune,370219
547,547,547,73,2014,1,"2,27,661",Pune,440000
548,548,548,74,2016,2,"30,531",Pune,500000
549,549,549,75,2011,1,"1,28,742",Pune,573000
550,550,550,76,2014,2,"51,585",Pune,515000
551,551,551,77,2008,3,"90,855",Pune,250000
552,552,552,78,2011,1,"1,73,629",Pune,325000
553,553,553,79,2012,1,"1,71,346",Pune,420000
554,554,554,80,2013,1,"60,405",Pune,450000
555,555,555,81,2008,2,"65,133",Pune,180000
556,556,556,82,2013,1,"76,656",Pune,490000
557,557,557,83,2010,1,"79,278",Pune,280000
558,558,558,84,2014,1,"81,714",Pune,550000
559,559,559,85,2012,1,"1,05,378",Pune,450000
560,560,560,86,2011,1,"1,04,757",Pune,350000
561,561,561,87,2010,3,"1,42,447",Pune,200000
562,562,562,88,2010,1,"1,24,268",Pune,300000
563,563,563,89,2011,1,"1,16,430",Pune,275000
564,564,564,90,2011,1,"99,268",Pune,275000
565,565,565,91,2013,2,"46,783",Pune,325000
566,566,566,92,2012,1,"99,950",Pune,450000
567,567,567,93,2009,1,"1,02,864",Pune,180000
568,568,568,94,2016,2,"1,53,640",Pune,425000
569,569,569,95,2015,1,"1,49,935",Pune,405000
570,570,570,96,2010,1,"1,64,008",Pune,280000
571,571,571,97,2008,1,"78,213",Pune,270000
572,572,572,98,2011,1,"2,24,232",Pune,300000
573,573,573,99,2015,1,"66,450",Pune,600000
574,574,574,100,2013,2,"92,326",Pune,420000
575,575,575,101,2014,1,"1,47,903",Pune,510000
576,576,576,102,2013,1,"1,18,989",Pune,500000
577,577,577,103,2016,2,"29,357",Pune,550000
578,578,578,104,2011,1,"3,00,202",Pune,300000
579,579,579,105,2009,2,"1,60,092",Pune,200000
580,580,580,106,2014,1,"1,12,307",Pune,400000
581,581,581,107,2008,1,"78,130",Pune,250000
582,582,582,108,2010,1,"1,29,183",Pune,265000
583,583,583,109,2011,3,"66,944",Pune,350000
584,584,584,110,2008,1,"1,66,662",Pune,200000
585,585,585,111,2014,2,"53,958",Pune,450000
586,586,586,0,2009,2,"75,753",Delhi,257084
587,587,587,1,2013,1,"1,17,316",Delhi,360462
588,588,588,2,2014,2,"46,011",Delhi,378500
589,589,589,3,2012,1,"61,997",Delhi,397300
590,590,590,4,2013,1,"83,131",Delhi,338800
591,591,591,5,2010,3,"1,06,868",Delhi,202500
592,592,592,6,2011,1,"1,16,496",Delhi,221000
593,593,593,7,2013,1,"1,17,316",Delhi,330200
594,594,594,8,2013,2,"39,683",Delhi,414200
595,595,595,9,2014,1,"62,497",Delhi,455900
596,596,596,10,2012,1,"1,04,281",Delhi,362300
597,597,597,11,2008,2,"1,18,281",Delhi,157000
598,598,598,12,2017,1,"98,160",Delhi,569100
599,599,599,13,2013,1,"33,814",Delhi,425100
600,600,600,14,2016,1,"55,500",Delhi,437000
601,601,601,15,2015,1,"48,169",Delhi,448500
602,602,602,16,2012,1,"43,974",Delhi,376000
603,603,603,17,2012,2,"72,617",Delhi,297000
604,604,604,18,2015,3,"86,754",Delhi,368000
605,605,605,19,2009,2,"62,332",Delhi,199940
606,606,606,20,2014,2,"25,127",Delhi,439100
607,607,607,21,2009,2,"62,260",Delhi,180000
608,608,608,22,2011,1,"1,36,581",Delhi,120958
609,609,609,23,2012,3,"77,524",Delhi,345471
610,610,610,24,2011,3,"1,10,951",Delhi,200000
611,611,611,25,2012,1,"81,308",Delhi,323431
612,612,612,26,2014,1,"1,23,509",Delhi,280000
613,613,613,27,2015,2,"17,000",Delhi,550000
614,614,614,28,2013,1,"29,702",Delhi,325000
615,615,615,29,2012,1,"76,109",Delhi,292000
616,616,616,30,2012,1,"83,169",Delhi,387000
617,617,617,31,2014,1,"2,70,328",Delhi,300000
618,618,618,32,2013,1,"1,81,738",Delhi,234000
619,619,619,33,2012,1,"1,05,524",Delhi,200000
620,620,620,34,2013,1,"85,026",Delhi,300000
621,621,621,35,2011,2,"57,607",Delhi,200000
622,622,622,36,2008,1,"1,32,778",Delhi,206000
623,623,623,37,2017,2,"28,565",Delhi,432000
624,624,624,38,2013,1,"28,531",Delhi,334000
625,625,625,39,2008,2,"1,02,945",Delhi,100000
626,626,626,40,2013,1,"91,985",Delhi,240000
627,627,627,41,2013,1,"86,938",Delhi,265000
628,628,628,42,2011,1,"1,28,479",Delhi,225000
629,629,629,43,2015,1,"64,686",Delhi,360000
630,630,630,44,2015,1,"88,153",Delhi,260000
631,631,631,45,2009,2,"40,930",Delhi,190000
632,632,632,46,2012,1,"1,11,117",Delhi,161000
633,633,633,47,2011,2,"40,734",Delhi,180000
634,634,634,48,2017,1,"16,518",Delhi,535000
635,635,635,49,2011,3,"89,269",Delhi,190000
636,636,636,50,2014,2,"46,455",Delhi,383341
637,637,637,51,2012,1,"1,47,939",Delhi,255200
638,638,638,52,2010,1,"1,08,804",Delhi,125000
639,639,639,53,2009,2,"75,817",Delhi,125000
640,640,640,54,2012,1,"87,090",Delhi,325000
641,641,641,55,2015,1,"69,797",Delhi,430000
642,642,642,56,2013,1,"59,707",Delhi,415000
643,643,643,57,2010,3,"82,682",Delhi,170000
644,644,644,58,2016,1,"65,181",Delhi,395000
645,645,645,59,2010,2,"46,825",Delhi,225000
646,646,646,60,2014,1,"42,085",Delhi,350000
647,647,647,61,2011,1,"1,50,793",Delhi,185482
648,648,648,62,2015,1,"64,713",Delhi,345000
649,649,649,63,2012,1,"94,241",Delhi,280000
650,650,650,64,2012,1,"1,00,312",Delhi,213000
651,651,651,65,2015,2,"91,995",Delhi,401000
652,652,652,66,2015,2,"36,418",Delhi,400000
653,653,653,67,2012,1,"1,12,294",Delhi,400000
654,654,654,68,2015,1,"59,226",Delhi,380000
655,655,655,69,2011,3,"62,300",Delhi,170000
656,656,656,70,2013,2,"60,000",Delhi,350000
657,657,657,71,2014,1,"86,434",Delhi,466000
658,658,658,72,2012,2,"75,136",Delhi,310000
659,659,659,73,2012,1,"66,101",Delhi,320000
660,660,660,74,2014,1,"64,440",Delhi,286891
661,661,661,75,2008,1,"79,548",Delhi,150000
662,662,662,76,2011,1,"84,771",Delhi,284000
663,663,663,77,2014,2,"35,218",Delhi,271000
664,664,664,78,2013,1,"91,546",Delhi,230000
665,665,665,79,2013,3,"74,583",Delhi,310000
666,666,666,80,2008,2,"42,582",Delhi,170000
667,667,667,81,2013,2,"45,053",Delhi,293000
668,668,668,82,2009,3,"70,846",Delhi,170000
669,669,669,83,2009,2,"1,21,363",Delhi,125000
670,670,670,84,2014,1,"1,48,089",Delhi,300000
671,671,671,85,2012,2,"77,625",Delhi,280000
672,672,672,86,2012,1,"1,53,172",Delhi,230000
673,673,673,87,2010,1,"2,71,437",Delhi,140000
674,674,674,88,2014,2,"45,820",Delhi,370000
675,675,675,89,2012,1,"1,07,606",Delhi,217000
676,676,676,90,2015,1,"79,408",Delhi,349000
677,677,677,91,2011,3,"1,32,356",Delhi,170000
678,678,678,92,2015,1,"74,280",Delhi,330000
679,679,679,93,2016,2,"73,268",Delhi,350000
680,680,680,94,2011,1,"2,17,939",Delhi,125000
681,681,681,95,2012,1,"1,23,102",Delhi,195000
682,682,682,96,2013,1,"89,224",Delhi,290000
683,683,683,97,2013,1,"57,051",Delhi,250000
684,684,684,98,2012,3,"1,09,245",Delhi,280000
685,685,685,99,2014,1,"1,28,958",Delhi,370000
686,686,686,100,2013,1,"1,21,926",Delhi,350000
687,687,687,101,2014,1,"1,03,523",Delhi,360000
688,688,688,102,2014,1,"75,592",Delhi,350000
689,689,689,103,2011,2,"65,645",Delhi,215000
690,690,690,104,2013,1,"1,53,348",Delhi,250000
691,691,691,105,2014,1,"39,293",Delhi,320000
692,692,692,106,2012,2,"67,184",Delhi,260000
693,693,693,107,2015,1,"72,030",Delhi,390000
694,694,694,108,2015,2,"41,348",Delhi,354000
695,695,695,109,2013,1,"91,327",Delhi,325000
696,696,696,110,2016,1,"1,55,983",Delhi,393230
697,697,697,111,2010,3,"96,315",Delhi,230000
698,698,698,112,2016,1,"86,722",Delhi,410000
699,699,699,113,2015,1,"64,258",Delhi,450000
700,700,700,114,2012,1,"97,857",Delhi,255000
701,701,701,115,2013,1,"1,18,480",Delhi,320000
702,702,702,116,2011,3,"1,04,445",Delhi,150000
703,703,703,117,2014,1,"69,073",Delhi,360000
704,704,704,118,2015,1,"70,086",Delhi,400000
705,705,705,119,2012,2,"28,899",Delhi,260000
706,706,706,120,2014,1,"68,147",Delhi,300000
707,707,707,121,2014,1,"35,510",Delhi,350000
708,708,708,122,2013,1,"1,04,044",Delhi,271000
709,709,709,123,2011,3,"1,58,397",Delhi,147000
710,710,710,124,2012,2,"45,343",Delhi,400000
711,711,711,125,2015,3,"56,493",Delhi,335000
712,712,712,126,2015,1,"1,46,059",Delhi,380000
713,713,713,127,2012,1,"1,22,904",Delhi,350000
714,714,714,128,2016,1,"90,630",Delhi,500000
715,715,715,129,2009,2,"1,06,741",Delhi,185000
716,716,716,130,2014,1,"51,229",Delhi,340000
717,717,717,131,2011,1,"1,14,202",Delhi,166000
718,718,718,132,2013,2,"75,997",Delhi,400000
719,719,719,133,2013,1,"62,348",Delhi,325000
720,720,720,134,2015,1,"30,924",Delhi,510000
721,721,721,135,2012,1,"93,908",Delhi,319000
722,722,722,136,2014,1,"65,732",Delhi,325000
723,723,723,137,2012,2,"77,545",Delhi,234000
724,724,724,138,2011,1,"44,787",Delhi,290000
725,725,725,139,2014,1,"1,41,093",Delhi,415000
726,726,726,140,2011,2,"69,285",Delhi,200000
727,727,727,141,2013,1,"87,362",Delhi,280000
728,728,728,142,2011,1,"2,06,691",Delhi,150000
729,729,729,143,2014,2,"56,916",Delhi,350000
730,730,730,144,2012,1,"31,435",Delhi,380000
731,731,731,145,2015,2,"58,641",Delhi,375000
732,732,732,146,2015,1,"84,987",Delhi,300000
733,733,733,147,2015,1,"59,775",Delhi,385000
734,734,734,148,2015,1,"60,021",Delhi,300000
735,735,735,149,2017,2,"55,220",Delhi,500000
736,736,736,150,2014,1,"96,584",Delhi,380000
737,737,737,151,2012,1,"99,117",Delhi,290000
738,738,738,152,2010,3,"80,152",Delhi,180000
739,739,739,153,2009,2,"1,49,111",Delhi,140000
740,740,740,154,2011,1,"46,559",Delhi,199999
741,741,741,155,2012,2,"61,426",Delhi,325000
742,742,742,156,2013,1,"60,203",Delhi,385000
743,743,743,157,2015,1,"99,635",Delhi,400000
744,744,744,158,2015,1,"97,229",Delhi,445000
745,745,745,159,2016,3,"86,222",Delhi,315000
746,746,746,160,2013,1,"62,702",Delhi,330000
747,747,747,161,2015,2,"28,745",Delhi,403000
748,748,748,162,2012,1,"1,11,711",Delhi,242000
749,749,749,163,2012,2,"19,614",Delhi,280000
750,750,750,164,2012,1,"87,666",Delhi,285000
751,751,751,165,2009,3,"1,72,423",Delhi,130000
752,752,752,166,2013,1,"69,550",Delhi,320000
753,753,753,167,2011,3,"84,685",Delhi,180000
754,754,754,168,2013,1,"1,05,000",Delhi,375000
755,755,755,169,2013,2,"1,00,361",Delhi,340000
756,756,756,170,2016,2,"75,000",Delhi,400000
757,757,757,171,2015,1,"1,68,077",Delhi,270000
758,758,758,172,2014,1,"1,02,430",Delhi,321923
759,759,759,173,2013,1,"71,530",Delhi,331000
760,760,760,174,2012,2,"58,972",Delhi,300000
761,761,761,175,2014,1,"85,000",Delhi,355000
762,762,762,176,2013,1,"1,35,832",Delhi,360000
763,763,763,177,2016,1,"71,627",Delhi,350000
764,764,764,178,2013,1,"73,024",Delhi,341000
765,765,765,179,2009,2,"99,000",Delhi,200000
766,766,766,180,2008,3,"1,41,875",Delhi,120000
767,767,767,181,2011,1,"80,682",Delhi,160000
768,768,768,182,2013,1,"72,280",Delhi,250000
769,769,769,183,2010,2,"98,173",Delhi,185000
770,770,770,184,2015,1,"50,359",Delhi,380000
771,771,771,185,2010,3,"62,860",Delhi,110000
772,772,772,186,2014,1,"1,16,777",Delhi,260000
773,773,773,187,2008,2,"1,19,436",Delhi,100000
774,774,774,188,2010,1,"1,15,050",Delhi,250000
775,775,775,189,2013,1,"1,02,207",Delhi,250000
776,776,776,190,2013,1,"51,925",Delhi,330000
777,777,777,191,2016,1,"71,897",Delhi,560000
778,778,778,192,2012,2,"81,000",Delhi,200000
779,779,779,193,2015,1,"34,346",Delhi,425000
780,780,780,194,2011,3,"60,052",Delhi,170000
781,781,781,195,2013,1,"1,21,957",Delhi,220000
782,782,782,196,2012,1,"51,845",Delhi,325000
783,783,783,197,2008,2,"77,109",Delhi,130000
784,784,784,198,2010,1,"1,51,431",Delhi,147000
785,785,785,199,2015,1,"63,246",Delhi,301000
786,786,786,200,2011,2,"92,166",Delhi,170064
787,787,787,201,2014,2,"26,752",Delhi,350000
788,788,788,202,2019,2,"45,000",Delhi,515000
789,789,789,203,2014,2,"47,897",Delhi,614000
790,790,790,204,2010,1,"76,042",Delhi,204000
791,791,791,205,2012,2,"1,00,000",Delhi,200000
792,792,792,206,2010,3,"1,11,112",Delhi,170000
793,793,793,207,2008,1,"1,00,000",Delhi,185000
794,794,794,208,2012,1,"1,05,156",Delhi,185000
795,795,795,209,2012,1,"1,37,099",Delhi,300000
796,796,796,210,2013,1,"96,551",Delhi,200000
797,797,797,211,2014,1,"63,296",Delhi,483000
798,798,798,212,2013,1,"93,833",Delhi,315000
799,799,799,213,2011,1,"1,20,135",Delhi,270000
800,800,800,214,2015,1,"1,10,000",Delhi,445000
801,801,801,215,2014,3,"84,224",Delhi,400000
802,802,802,216,2012,2,"27,760",Delhi,219000
803,803,803,217,2014,1,"58,674",Delhi,300000
804,804,804,218,2012,2,"67,243",Delhi,275000
805,805,805,219,2014,2,"50,782",Delhi,420000
806,806,806,220,2014,1,"1,20,019",Delhi,425000
807,807,807,221,2014,3,"60,834",Delhi,435600
808,808,808,222,2014,2,"47,219",Delhi,325000
809,809,809,223,2012,1,"64,178",Delhi,308000
810,810,810,224,2014,1,"48,342",Delhi,370000
811,811,811,225,2015,1,"25,448",Delhi,508185
812,812,812,226,2009,1,"1,17,354",Delhi,106194
813,813,813,227,2010,1,"1,24,941",Delhi,124320
814,814,814,228,2009,3,"64,768",Delhi,170000
815,815,815,229,2016,3,"1,17,051",Delhi,410000
816,816,816,230,2011,1,"1,36,758",Delhi,200535
817,817,817,231,2014,1,"77,523",Delhi,373000
818,818,818,232,2012,1,"1,07,074",Delhi,310000
819,819,819,233,2014,1,"91,365",Delhi,360000
820,820,820,234,2017,1,"83,000",Delhi,475000
821,821,821,235,2008,3,"94,152",Delhi,118000
822,822,822,236,2012,1,"63,478",Delhi,321000
823,823,823,237,2010,1,"90,413",Delhi,145281
824,824,824,238,2011,1,"61,205",Delhi,225000
825,825,825,239,2011,2,"69,243",Delhi,200000
826,826,826,240,2010,1,"1,96,174",Delhi,225000
827,827,827,241,2012,1,"1,13,916",Delhi,253000
828,828,828,242,2010,1,"1,57,880",Delhi,132449
829,829,829,243,2012,1,"1,53,386",Delhi,231000
830,830,830,244,2012,3,"81,198",Delhi,300000
831,831,831,245,2014,1,"97,448",Delhi,300000
832,832,832,246,2010,1,"1,01,304",Delhi,200000
833,833,833,247,2012,1,"1,14,656",Delhi,303456
834,834,834,248,2013,1,"73,346",Delhi,430000
835,835,835,249,2010,2,"78,000",Delhi,200000
836,836,836,250,2013,1,"1,04,023",Delhi,330000
837,837,837,251,2013,2,"51,882",Delhi,350000
838,838,838,252,2014,1,"1,61,545",Delhi,350000
839,839,839,253,2012,1,"1,08,459",Delhi,300000
840,840,840,254,2011,1,"99,118",Delhi,230000
841,841,841,255,2014,1,"54,938",Delhi,290000
842,842,842,256,2012,1,"70,871",Delhi,336000
843,843,843,257,2012,1,"79,364",Delhi,220000
844,844,844,258,2016,3,"74,342",Delhi,400000
845,845,845,259,2013,1,"88,903",Delhi,270000
846,846,846,260,2010,2,"65,480",Delhi,220000
847,847,847,261,2012,2,"1,29,578",Delhi,240000
848,848,848,262,2010,2,"1,18,449",Delhi,300000
849,849,849,263,2014,1,"72,288",Delhi,350000
850,850,850,264,2013,1,"1,05,000",Delhi,310000
851,851,851,265,2013,1,"88,128",Delhi,365000
852,852,852,266,2012,1,"55,281",Delhi,310000
853,853,853,267,2016,2,"8,706",Delhi,450000
854,854,854,268,2014,1,"83,701",Delhi,358182
855,855,855,269,2011,2,"31,548",Delhi,310000
856,856,856,270,2010,3,"1,27,561",Delhi,170000
857,857,857,271,2016,1,"52,591",Delhi,508919
858,858,858,272,2014,1,"1,18,419",Delhi,350000
859,859,859,273,2010,2,"47,050",Delhi,235000
860,860,860,274,2014,1,"1,03,060",Delhi,320000
861,861,861,275,2014,1,"33,350",Delhi,482000
862,862,862,276,2013,2,"77,000",Delhi,350000
863,863,863,277,2012,1,"86,426",Delhi,240000
864,864,864,278,2012,1,"1,26,041",Delhi,316000
865,865,865,279,2012,1,"1,18,256",Delhi,205891
866,866,866,280,2011,1,"1,25,964",Delhi,160500
867,867,867,281,2014,1,"2,21,849",Delhi,248000
868,868,868,282,2010,1,"2,35,343",Delhi,100000
869,869,869,283,2012,3,"54,894",Delhi,265000
870,870,870,284,2008,2,"1,44,644",Delhi,126000
871,871,871,285,2008,1,"2,50,789",Delhi,122000
872,872,872,286,2011,1,"72,325",Delhi,230000
873,873,873,287,2012,3,"89,086",Delhi,206250
874,874,874,288,2015,1,"1,39,925",Delhi,365000
875,875,875,289,2011,1,"79,396",Delhi,171000
876,876,876,290,2011,1,"67,948",Delhi,180000
877,877,877,291,2015,1,"1,66,816",Delhi,352000
878,878,878,292,2015,1,"1,42,000",Delhi,460000
879,879,879,293,2013,1,"1,10,000",Delhi,425000
880,880,880,294,2008,2,"1,02,968",Delhi,100000
881,881,881,295,2013,3,"1,12,644",Delhi,291000
882,882,882,296,2013,1,"78,000",Delhi,220000
883,883,883,297,2011,1,"1,88,361",Delhi,226000
884,884,884,298,2011,1,"77,743",Delhi,200000
885,885,885,299,2014,2,"53,203",Delhi,400000
886,886,886,300,2019,2,"4,000",Delhi,725000
887,887,887,301,2015,3,"74,035",Delhi,410000
888,888,888,302,2013,1,"79,604",Delhi,363000
889,889,889,303,2012,3,"90,654",Delhi,200000
890,890,890,304,2013,1,"67,230",Delhi,310000
891,891,891,305,2019,0,"24,111",Delhi,670000
892,892,892,306,2012,1,"63,631",Delhi,310000
893,893,893,307,2014,1,"53,590",Delhi,379800
894,894,894,308,2011,2,"31,000",Delhi,285000
895,895,895,309,2012,1,"1,88,814",Delhi,230000
896,896,896,310,2015,3,"58,352",Delhi,301000
897,897,897,311,2014,2,"59,062",Delhi,325000
898,898,898,312,2015,1,"60,812",Delhi,454000
899,899,899,313,2012,1,"75,854",Delhi,381000
900,900,900,314,2012,2,"18,432",Delhi,391000
901,901,901,315,2013,1,"1,26,354",Delhi,370000
902,902,902,316,2011,1,"1,46,477",Delhi,186000
903,903,903,317,2013,3,"1,02,204",Delhi,353000
904,904,904,318,2012,1,"74,058",Delhi,383000
905,905,905,319,2015,1,"1,61,207",Delhi,342000
906,906,906,320,2015,3,"99,776",Delhi,264000
907,907,907,321,2014,1,"77,786",Delhi,355000
908,908,908,322,2010,2,"63,933",Delhi,150000
909,909,909,323,2015,1,"86,139",Delhi,280000
910,910,910,324,2011,1,"81,897",Delhi,210000
911,911,911,325,2015,1,"7,10,000",Delhi,400000
912,912,912,326,2014,1,"89,759",Delhi,250000
913,913,913,327,2013,1,"1,19,769",Delhi,325000
914,914,914,328,2013,1,"51,706",Delhi,300000
915,915,915,329,2015,1,"79,949",Delhi,549000
916,916,916,330,2011,2,"1,00,000",Delhi,210000
917,917,917,331,2013,1,"6,251",Delhi,237000
918,918,918,332,2013,2,"1,06,217",Delhi,301000
919,919,919,333,2013,2,"60,210",Delhi,369808
920,920,920,334,2011,1,"1,11,492",Delhi,180000
921,921,921,335,2012,1,"83,649",Delhi,250000
922,922,922,336,2013,1,"66,163",Delhi,302000
923,923,923,337,2009,1,"87,501",Delhi,200000
924,924,924,338,2010,2,"1,40,349",Delhi,180000
925,925,925,339,2014,1,"81,825",Delhi,287000
926,926,926,340,2012,1,"72,158",Delhi,290000
927,927,927,341,2015,1,"2,06,578",Delhi,300000
928,928,928,342,2011,1,"1,64,076",Delhi,225000
929,929,929,343,2014,2,"1,95,000",Delhi,160000
930,930,930,344,2014,1,"1,15,239",Delhi,350000
931,931,931,345,2016,2,"34,573",Delhi,650000
932,932,932,346,2015,1,"40,992",Delhi,350000
933,933,933,347,2016,2,"58,131",Delhi,411000
934,934,934,348,2015,2,"11,105",Delhi,280000
935,935,935,349,2016,1,"57,855",Delhi,460000
936,936,936,350,2010,3,"1,01,980",Delhi,150000
937,937,937,351,2013,1,"62,036",Delhi,400000
938,938,938,352,2010,1,"2,15,405",Delhi,135000
939,939,939,353,2019,2,"5,200",Delhi,708000
940,940,940,354,2011,1,"1,13,453",Delhi,200000
941,941,941,355,2015,1,"1,01,049",Delhi,380000
942,942,942,356,2013,1,"70,000",Delhi,390000
943,943,943,357,2015,3,"92,428",Delhi,350000
944,944,944,358,2011,1,"77,477",Delhi,170000
945,945,945,359,2011,1,"1,04,894",Delhi,220000
946,946,946,360,2012,1,"65,491",Delhi,240000
947,947,947,361,2011,1,"1,27,580",Delhi,165000
948,948,948,362,2014,1,"1,03,298",Delhi,360000
949,949,949,363,2013,1,"1,17,000",Delhi,305000
950,950,950,364,2014,1,"38,758",Delhi,370000
951,951,951,365,2010,2,"11,074",Delhi,356000
952,952,952,366,2013,1,"1,08,386",Delhi,301000
953,953,953,367,2013,1,"64,472",Delhi,380000
954,954,954,368,2013,1,"66,645",Delhi,299000
955,955,955,369,2014,1,"62,000",Delhi,300000
956,956,956,370,2017,2,"1,75,000",Delhi,350000
957,957,957,371,2014,1,"1,38,451",Delhi,350576
958,958,958,372,2011,1,"1,18,350",Delhi,189000
959,959,959,373,2012,1,"71,395",Delhi,300000
960,960,960,374,2012,1,"57,462",Delhi,291000
961,961,961,375,2008,2,"85,890",Delhi,140000
962,962,962,376,2014,1,"70,177",Delhi,390000
963,963,963,377,2012,3,"1,43,197",Delhi,200000
964,964,964,378,2012,1,"78,000",Delhi,350000
965,965,965,379,2011,1,"1,58,806",Delhi,301000
966,966,966,380,2015,3,"35,154",Delhi,400000
967,967,967,381,2015,1,"65,014",Delhi,350000
968,968,968,382,2015,1,"43,382",Delhi,340000
969,969,969,383,2012,2,"44,317",Delhi,397000
970,970,970,384,2012,1,"81,794",Delhi,365000
971,971,971,385,2013,1,"1,01,244",Delhi,295418
972,972,972,386,2010,3,"1,16,543",Delhi,150000
973,973,973,387,2013,1,"86,248",Delhi,270000
974,974,974,388,2013,3,"1,11,046",Delhi,350000
975,975,975,389,2009,3,"1,11,460",Delhi,145709
976,976,976,390,2010,1,"66,781",Delhi,190000
977,977,977,391,2013,1,"1,20,000",Delhi,325000
978,978,978,392,2011,1,"42,598",Delhi,210000
979,979,979,393,2013,1,"51,564",Delhi,290000
980,980,980,394,2013,1,"1,39,382",Delhi,350000
981,981,981,395,2015,2,"43,100",Delhi,375000
982,982,982,396,2012,1,"54,000",Delhi,300000
983,983,983,397,2015,1,"75,236",Delhi,375000
984,984,984,398,2010,1,"49,553",Delhi,130000
985,985,985,399,2011,2,"76,588",Delhi,150000
986,986,986,400,2010,2,"1,35,188",Delhi,150000
987,987,987,401,2014,1,"1,48,944",Delhi,215000
988,988,988,402,2019,3,"6,462",Delhi,600000
989,989,989,403,2008,3,"1,16,204",Delhi,130000
990,990,990,404,2010,3,"80,983",Delhi,220000
991,991,991,405,2015,1,"2,83,406",Delhi,325000
992,992,992,406,2012,3,"1,37,226",Delhi,290000
993,993,993,407,2013,1,"85,894",Delhi,295000
994,994,994,408,2013,1,"1,25,000",Delhi,335000
995,995,995,409,2014,1,"1,12,174",Delhi,308924
996,996,996,410,2009,3,"1,56,450",Delhi,140000
997,997,997,411,2013,1,"71,263",Delhi,400000
998,998,998,412,2013,1,"1,05,799",Delhi,300000
999,999,999,413,2009,2,"53,834",Delhi,175000
1000,1000,1000,414,2015,2,"26,932",Delhi,460000
1001,1001,1001,415,2011,2,"1,21,782",Delhi,200000
1002,1002,1002,416,2015,2,"1,01,000",Delhi,300000
1003,1003,1003,417,2010,1,"1,56,703",Delhi,180001
1004,1004,1004,418,2013,2,"58,357",Delhi,350000
1005,1005,1005,419,2009,3,"2,30,083",Delhi,190000
1006,1006,1006,420,2010,1,"84,728",Delhi,190000
1007,1007,1007,421,2015,1,"75,089",Delhi,300000
1008,1008,1008,422,2014,1,"83,492",Delhi,390000
1009,1009,1009,423,2011,1,"1,52,408",Delhi,210000
1010,1010,1010,424,2013,1,"36,958",Delhi,280000
1011,1011,1011,425,2013,1,"96,207",Delhi,220000
1012,1012,1012,426,2014,1,"60,201",Delhi,357000
1013,1013,1013,427,2015,2,"47,684",Delhi,450000
1014,1014,1014,428,2015,1,"86,546",Delhi,441048
1015,1015,1015,429,2015,1,"66,132",Delhi,508000
1016,1016,1016,430,2012,2,"67,284",Delhi,300000
1017,1017,1017,431,2013,1,"42,371",Delhi,360000
1018,1018,1018,432,2013,1,"82,680",Delhi,280000
1019,1019,1019,433,2012,2,"1,38,513",Delhi,310799
1020,1020,1020,434,2015,1,"82,682",Delhi,255000
1021,1021,1021,435,2013,1,"93,858",Delhi,275000
1022,1022,1022,436,2014,1,"47,400",Delhi,320000
1023,1023,1023,437,2011,1,"2,42,255",Delhi,140000
1024,1024,1024,438,2014,1,"50,223",Delhi,290000
1025,1025,1025,439,2014,2,"25,660",Delhi,450000
1026,1026,1026,440,2014,1,"60,007",Delhi,350000
1027,1027,1027,441,2013,1,"1,21,962",Delhi,310000
1028,1028,1028,442,2014,3,"43,591",Delhi,440000
1029,1029,1029,443,2010,3,"1,01,509",Delhi,220000
1030,1030,1030,444,2009,3,"1,39,839",Delhi,162000
1031,1031,1031,445,2014,2,"45,633",Delhi,400000
1032,1032,1032,446,2013,1,"95,953",Delhi,260000
1033,1033,1033,447,2008,3,"1,26,232",Delhi,214366
1034,1034,1034,448,2013,1,"70,211",Delhi,320000
1035,1035,1035,449,2011,1,"80,811",Delhi,200000
1036,1036,1036,450,2008,3,"1,02,386",Delhi,186000
1037,1037,1037,451,2014,1,"1,03,064",Delhi,400000
1038,1038,1038,452,2016,1,"82,377",Delhi,550000
1039,1039,1039,453,2015,1,"69,701",Delhi,406000
1040,1040,1040,454,2015,2,"70,633",Delhi,360000
1041,1041,1041,455,2010,3,"60,889",Delhi,210000
1042,1042,1042,456,2014,1,"1,95,555",Delhi,350000
1043,1043,1043,457,2013,1,"74,697",Delhi,308000
1044,1044,1044,458,2014,2,"96,604",Delhi,409000
1045,1045,1045,459,2010,1,"77,915",Delhi,148000
1046,1046,1046,460,2012,1,"50,293",Delhi,348000
1047,1047,1047,461,2014,1,"1,14,051",Delhi,418000
1048,1048,1048,462,2009,3,"1,31,853",Delhi,152000
1049,1049,1049,463,2015,1,"71,542",Delhi,400000
1050,1050,1050,464,2016,1,"46,214",Delhi,540000
1051,1051,1051,465,2012,2,"42,345",Delhi,270000
1052,1052,1052,466,2013,1,"70,000",Delhi,250000
1053,1053,1053,467,2009,2,"66,984",Delhi,150000
1054,1054,1054,468,2013,3,"56,292",Delhi,270000
1055,1055,1055,469,2013,1,"17,429",Delhi,475000
1056,1056,1056,470,2010,1,"90,163",Delhi,160000
1057,1057,1057,471,2011,2,"63,156",Delhi,270000
1058,1058,1058,472,2012,2,"50,751",Delhi,301000
1059,1059,1059,473,2013,1,"77,026",Delhi,350000
1060,1060,1060,474,2010,1,"93,602",Delhi,120000
1061,1061,1061,475,2015,2,"78,256",Delhi,510000
1062,1062,1062,476,2012,2,"81,149",Delhi,175000
1063,1063,1063,477,2013,1,"61,693",Delhi,290000
1064,1064,1064,478,2008,3,"90,153",Delhi,120000
1065,1065,1065,479,2014,1,"75,098",Delhi,300000
1066,1066,1066,480,2013,2,"78,068",Delhi,325000
1067,1067,1067,481,2014,1,"10,000",Delhi,350000
1068,1068,1068,482,2015,1,"55,068",Delhi,425000
1069,1069,1069,483,2013,2,"25,591",Delhi,276000
1070,1070,1070,484,2009,2,"68,398",Delhi,200000
1071,1071,1071,485,2011,2,"31,568",Delhi,300000
1072,1072,1072,486,2017,1,"52,741",Delhi,540000
1073,1073,1073,487,2013,1,"81,860",Delhi,275000
1074,1074,1074,488,2013,1,"1,12,162",Delhi,400000
1075,1075,1075,489,2009,3,"1,41,933",Delhi,150000
1076,1076,1076,490,2014,1,"65,202",Delhi,500000
1077,1077,1077,491,2013,1,"47,221",Delhi,275000
1078,1078,1078,492,2015,1,"88,008",Delhi,370000
1079,1079,1079,493,2011,1,"86,604",Delhi,220000
1080,1080,1080,494,2012,1,"96,364",Delhi,342048
1081,1081,1081,495,2014,1,"79,611",Delhi,379800
1082,1082,1082,496,2014,1,"48,483",Delhi,280000
1083,1083,1083,497,2016,2,"19,931",Delhi,563000
1084,1084,1084,498,2014,1,"74,863",Delhi,410000
1085,1085,1085,499,2013,3,"1,18,630",Delhi,270000
1086,1086,1086,500,2014,1,"83,116",Delhi,300000
1087,1087,1087,501,2014,2,"74,810",Delhi,482000
1088,1088,1088,502,2008,3,"1,48,671",Delhi,140000
1089,1089,1089,503,2011,2,"39,890",Delhi,250000
1090,1090,1090,504,2010,1,"1,20,214",Delhi,180000
1091,1091,1091,505,2012,1,"71,082",Delhi,130000
1092,1092,1092,506,2009,2,"1,08,827",Delhi,130000
1093,1093,1093,507,2014,1,"2,01,288",Delhi,280000
1094,1094,1094,508,2016,2,"1,20,000",Delhi,350000
1095,1095,1095,509,2013,2,"32,112",Delhi,350000
1096,1096,1096,510,2010,2,"87,812",Delhi,182000
1097,1097,1097,511,2014,3,"88,932",Delhi,388000
1098,1098,1098,512,2012,1,"1,55,810",Delhi,325000
1099,1099,1099,513,2014,1,"1,06,729",Delhi,365000
1100,1100,1100,514,2012,1,"19,588",Delhi,500000
1101,1101,1101,515,2015,1,"1,18,927",Delhi,461000
1102,1102,1102,516,2014,1,"72,979",Delhi,573000
1103,1103,1103,517,2017,1,"68,912",Delhi,480000
1104,1104,1104,518,2014,1,"99,120",Delhi,391000
1105,1105,1105,519,2013,1,"1,36,520",Delhi,319000
1106,1106,1106,520,2014,1,"30,038",Delhi,407000
1107,1107,1107,521,2009,3,"35,270",Delhi,170000
1108,1108,1108,522,2012,1,"48,347",Delhi,249000
1109,1109,1109,523,2012,1,"1,52,803",Delhi,230000
1110,1110,1110,524,2008,3,"87,477",Delhi,160000
1111,1111,1111,525,2009,2,"1,65,306",Delhi,150000
1112,1112,1112,526,2016,1,"30,733",Delhi,480000
1113,1113,1113,527,2015,1,"77,152",Delhi,280000
1114,1114,1114,528,2013,2,"17,534",Delhi,410000
1115,1115,1115,529,2013,1,"74,082",Delhi,326000
1116,1116,1116,530,2013,1,"67,343",Delhi,305000
1117,1117,1117,531,2014,1,"56,986",Delhi,295000
1118,1118,1118,532,2009,1,"1,48,620",Delhi,125000
1119,1119,1119,533,2014,2,"31,664",Delhi,400000
1120,1120,1120,534,2015,1,"55,938",Delhi,395000
1121,1121,1121,535,2015,1,"72,572",Delhi,325000
1122,1122,1122,536,2014,1,"61,547",Delhi,500000
1123,1123,1123,537,2013,2,"23,011",Delhi,350000
1124,1124,1124,538,2012,1,"1,40,464",Delhi,340000
1125,1125,1125,539,2013,2,"66,169",Delhi,300000
1126,1126,1126,540,2014,1,"1,32,807",Delhi,280000
1127,1127,1127,541,2015,2,"30,879",Delhi,450000
1128,1128,1128,542,2011,2,"1,42,406",Delhi,140000
1129,1129,1129,543,2011,3,"92,435",Delhi,165000
1130,1130,1130,544,2013,2,"45,994",Delhi,340000
1131,1131,1131,545,2012,1,"1,43,083",Delhi,321000
1132,1132,1132,546,2013,2,"90,033",Delhi,305000
1133,1133,1133,547,2011,2,"49,520",Delhi,205000
1134,1134,1134,548,2011,1,"1,01,253",Delhi,225000
1135,1135,1135,549,2013,1,"1,82,147",Delhi,275000
1136,1136,1136,550,2014,1,"90,000",Delhi,400000
1137,1137,1137,551,2014,1,"1,14,129",Delhi,325000
1138,1138,1138,552,2014,1,"1,14,639",Delhi,310000
1139,1139,1139,553,2016,2,"18,239",Delhi,505000
1140,1140,1140,554,2008,2,"72,072",Delhi,150000
1141,1141,1141,555,2014,2,"29,646",Delhi,300000
1142,1142,1142,556,2012,1,"89,091",Delhi,340000
1143,1143,1143,557,2013,1,"99,397",Delhi,289000
1144,1144,1144,558,2013,1,"1,02,566",Delhi,341000
1145,1145,1145,559,2011,1,"1,06,928",Delhi,174627
1146,1146,1146,560,2009,3,"74,791",Delhi,220000
1147,1147,1147,561,2012,1,"49,930",Delhi,343000
1148,1148,1148,562,2013,1,"1,57,724",Delhi,325000
1149,1149,1149,563,2012,2,"67,190",Delhi,270000
1150,1150,1150,564,2012,2,"39,496",Delhi,300000
1151,1151,1151,565,2011,1,"55,652",Delhi,290000
1152,1152,1152,566,2010,1,"71,322",Delhi,175000
1153,1153,1153,567,2013,1,"90,218",Delhi,224000
1154,1154,1154,568,2014,1,"71,240",Delhi,320000
1155,1155,1155,569,2010,1,"1,09,468",Delhi,160000
1156,1156,1156,570,2011,1,"1,54,052",Delhi,160000
1157,1157,1157,571,2015,1,"86,195",Delhi,401000
1158,1158,1158,572,2011,1,"1,16,444",Delhi,220000
1159,1159,1159,573,2009,2,"1,24,681",Delhi,150000
1160,1160,1160,574,2014,1,"83,609",Delhi,250000
1161,1161,1161,575,2014,1,"1,00,770",Delhi,365000
1162,1162,1162,576,2009,2,"17,352",Delhi,200000
1163,1163,1163,577,2012,1,"80,317",Delhi,300000
1164,1164,1164,578,2009,3,"1,29,912",Delhi,196000
1165,1165,1165,579,2010,3,"87,979",Delhi,175000
1166,1166,1166,580,2009,2,"78,671",Delhi,167000
1167,1167,1167,581,2011,3,"98,621",Delhi,230000
1168,1168,1168,582,2011,1,"1,92,371",Delhi,180000
1169,1169,1169,583,2012,1,"70,391",Delhi,220000
1170,1170,1170,584,2018,3,"13,120",Delhi,500000
1171,1171,1171,585,2012,1,"1,15,952",Delhi,352000
1172,1172,1172,586,2011,2,"43,315",Delhi,300000
1173,1173,1173,587,2010,1,"1,43,497",Delhi,210000
1174,1174,1174,588,2013,1,"86,441",Delhi,320000
1175,1175,1175,589,2014,1,"99,014",Delhi,265000
1176,1176,1176,590,2010,2,"74,958",Delhi,180000
1177,1177,1177,591,2012,1,"72,551",Delhi,300000
1178,1178,1178,592,2014,1,"78,894",Delhi,371000
1179,1179,1179,593,2011,3,"47,594",Delhi,240000
1180,1180,1180,594,2010,2,"80,835",Delhi,200000
1181,1181,1181,595,2014,1,"1,47,724",Delhi,400000
1182,1182,1182,596,2009,3,"88,717",Delhi,152000
1183,1183,1183,597,2015,1,"91,048",Delhi,300000
1184,1184,1184,598,2010,2,"1,28,391",Delhi,181000
1185,1185,1185,599,2012,1,"86,209",Delhi,240000
1186,1186,1186,600,2010,1,"1,26,734",Delhi,150000
1187,1187,1187,601,2015,1,"34,152",Delhi,580000
1188,1188,1188,602,2010,1,"62,071",Delhi,170800
1189,1189,1189,603,2013,1,"1,69,907",Delhi,358211
1190,1190,1190,604,2013,1,"2,27,855",Delhi,290000
1191,1191,1191,605,2013,1,"74,884",Delhi,274870
1192,1192,1192,606,2013,1,"1,49,227",Delhi,300000
1193,1193,1193,607,2014,1,"77,416",Delhi,400000
1194,1194,1194,608,2015,1,"63,845",Delhi,426000
1195,1195,1195,609,2016,2,"40,633",Delhi,450000
1196,1196,1196,610,2013,1,"1,19,672",Delhi,285000
1197,1197,1197,611,2010,1,"93,783",Delhi,190000
1198,1198,1198,612,2011,3,"1,35,230",Delhi,200000
1199,1199,1199,613,2013,1,"51,314",Delhi,386250
1200,1200,1200,614,2014,1,"2,17,119",Delhi,230000
1201,1201,1201,615,2010,1,"97,054",Delhi,150000
1202,1202,1202,616,2014,1,"1,18,349",Delhi,338000
1203,1203,1203,617,2011,1,"84,746",Delhi,292000
1204,1204,1204,618,2015,3,"99,939",Delhi,402000
1205,1205,1205,619,2013,1,"81,227",Delhi,300000
1206,1206,1206,620,2015,2,"24,086",Delhi,466000
1207,1207,1207,621,2013,1,"1,33,962",Delhi,360000
1208,1208,1208,622,2010,2,"66,352",Delhi,220000
1209,1209,1209,623,2010,1,"1,23,819",Delhi,225000
1210,1210,1210,624,2014,2,"73,439",Delhi,373000
1211,1211,1211,625,2008,3,"78,866",Delhi,125000
1212,1212,1212,626,2012,1,"1,41,914",Delhi,230000
1213,1213,1213,627,2011,1,"2,53,548",Delhi,182000
1214,1214,1214,628,2014,1,"81,675",Delhi,381000
1215,1215,1215,629,2014,1,"41,586",Delhi,450000
1216,1216,1216,630,2014,2,"72,252",Delhi,300000
1217,1217,1217,631,2014,1,"1,02,437",Delhi,421000
1218,1218,1218,632,2015,2,"20,156",Delhi,400000
1219,1219,1219,633,2014,2,"19,350",Delhi,380000
1220,1220,1220,634,2012,1,"84,720",Delhi,336000
1221,1221,1221,635,2009,1,"82,081",Delhi,176000
1222,1222,1222,636,2009,1,"1,51,023",Delhi,150000
1223,1223,1223,637,2010,3,"80,485",Delhi,130000
1224,1224,1224,638,2016,3,"41,435",Delhi,400000
1225,1225,1225,639,2008,3,"72,991",Delhi,130000
1226,1226,1226,640,2010,1,"2,79,829",Delhi,165000
1227,1227,1227,641,2015,2,"56,019",Delhi,466000
1228,1228,1228,642,2010,3,"1,17,668",Delhi,202000
1229,1229,1229,643,2009,3,"99,475",Delhi,150000
1230,1230,1230,644,2014,1,"1,29,855",Delhi,352000
1231,1231,1231,645,2009,2,"63,217",Delhi,175000
1232,1232,1232,646,2012,1,"1,22,119",Delhi,305000
1233,1233,1233,647,2008,2,"86,562",Delhi,158000
1234,1234,1234,648,2013,2,"56,337",Delhi,351000
1235,1235,1235,649,2011,2,"60,746",Delhi,276000
1236,1236,1236,650,2017,3,"80,555",Delhi,400000
1237,1237,1237,651,2010,2,"66,347",Delhi,242000
1238,1238,1238,652,2013,1,"53,090",Delhi,300000
1239,1239,1239,653,2013,2,"69,229",Delhi,361000
1240,1240,1240,654,2015,1,"1,23,320",Delhi,350000
1241,1241,1241,655,2015,1,"65,232",Delhi,450000
1242,1242,1242,656,2014,1,"1,25,568",Delhi,373000
1243,1243,1243,657,2011,1,"77,502",Delhi,170000
1244,1244,1244,658,2015,1,"72,411",Delhi,400000
1245,1245,1245,659,2013,1,"48,317",Delhi,330000
1246,1246,1246,660,2012,1,"63,689",Delhi,320000
1247,1247,1247,661,2011,1,"94,980",Delhi,200000
1248,1248,1248,662,2008,2,"1,01,101",Delhi,151000
1249,1249,1249,663,2016,1,"27,488",Delhi,500000
1250,1250,1250,664,2011,1,"59,777",Delhi,200000
1251,1251,1251,665,2013,1,"73,957",Delhi,355000
1252,1252,1252,666,2012,1,"1,29,884",Delhi,330000
1253,1253,1253,667,2013,1,"70,257",Delhi,301000
1254,1254,1254,668,2014,2,"47,707",Delhi,350000
1255,1255,1255,669,2013,1,"1,21,733",Delhi,295000
1256,1256,1256,670,2011,1,"1,50,962",Delhi,200000
1257,1257,1257,671,2011,2,"1,21,323",Delhi,165000
1258,1258,1258,672,2008,2,"31,190",Delhi,155000
1259,1259,1259,673,2012,1,"80,252",Delhi,300000
1260,1260,1260,674,2019,3,"21,427",Delhi,620000
1261,1261,1261,675,2008,3,"1,53,596",Delhi,134000
1262,1262,1262,676,2013,3,"83,407",Delhi,340000
1263,1263,1263,677,2013,1,"1,31,346",Delhi,310000
1264,1264,1264,678,2016,2,"33,866",Delhi,340000
1265,1265,1265,679,2012,1,"99,950",Delhi,297000
1266,1266,1266,680,2009,2,"77,311",Delhi,215000
1267,1267,1267,681,2014,1,"79,922",Delhi,395000
1268,1268,1268,682,2013,1,"36,345",Delhi,315000
1269,1269,1269,683,2017,3,"80,425",Delhi,410000
1270,1270,1270,684,2014,2,"82,812",Delhi,320000
1271,1271,1271,685,2011,1,"1,07,138",Delhi,140000
1272,1272,1272,686,2010,1,"1,19,731",Delhi,218000
1273,1273,1273,687,2014,1,"98,453",Delhi,366000
1274,1274,1274,688,2015,3,"37,135",Delhi,386000
1275,1275,1275,689,2010,1,"1,71,663",Delhi,150000
1276,1276,1276,690,2010,2,"62,029",Delhi,230000
1277,1277,1277,691,2012,1,"1,70,388",Delhi,305000
1278,1278,1278,692,2014,1,"42,196",Delhi,283000
1279,1279,1279,693,2012,1,"57,800",Delhi,310000
1280,1280,1280,694,2012,1,"1,11,376",Delhi,325000
1281,1281,1281,695,2010,2,"78,712",Delhi,150000
1282,1282,1282,696,2008,2,"1,14,165",Delhi,130000
1283,1283,1283,697,2009,2,"70,348",Delhi,170000
1284,1284,1284,698,2010,1,"1,06,748",Delhi,236000
1285,1285,1285,699,2016,1,"65,225",Delhi,455000
1286,1286,1286,700,2015,1,"48,815",Delhi,415000
1287,1287,1287,701,2012,1,"1,03,486",Delhi,255000
1288,1288,1288,702,2015,1,"57,130",Delhi,460000
1289,1289,1289,703,2008,3,"81,067",Delhi,151000
1290,1290,1290,704,2010,2,"83,436",Delhi,190000
1291,1291,1291,705,2011,1,"1,78,694",Delhi,190000
1292,1292,1292,706,2016,2,"41,528",Delhi,514000
1293,1293,1293,707,2012,1,"80,381",Delhi,333000
1294,1294,1294,708,2016,2,"50,622",Delhi,477000
1295,1295,1295,709,2013,1,"74,044",Delhi,215000
1296,1296,1296,710,2014,1,"81,547",Delhi,526000
1297,1297,1297,711,2013,1,"92,205",Delhi,300000
1298,1298,1298,712,2016,1,"1,47,536",Delhi,390000
1299,1299,1299,713,2014,1,"40,572",Delhi,455000
1300,1300,1300,714,2015,2,"22,079",Delhi,450000
1301,1301,1301,715,2014,1,"1,15,212",Delhi,300000
1302,1302,1302,716,2011,2,"30,857",Delhi,248000
1303,1303,1303,717,2015,2,"39,608",Delhi,460000
1304,1304,1304,718,2012,1,"77,903",Delhi,265000
1305,1305,1305,719,2010,3,"69,613",Delhi,190000
1306,1306,1306,720,2010,2,"70,551",Delhi,200000
1307,1307,1307,721,2012,1,"84,714",Delhi,240000
1308,1308,1308,722,2008,2,"1,22,677",Delhi,120000
1309,1309,1309,723,2008,3,"1,30,502",Delhi,155000
1310,1310,1310,724,2013,1,"1,16,249",Delhi,300000
1311,1311,1311,725,2012,1,"1,69,513",Delhi,270000
1312,1312,1312,726,2009,2,"82,158",Delhi,200000
1313,1313,1313,727,2012,1,"1,15,744",Delhi,325000
1314,1314,1314,728,2014,1,"1,22,208",Delhi,253000
1315,1315,1315,729,2013,1,"1,29,216",Delhi,326000
1316,1316,1316,730,2008,2,"63,843",Delhi,115000
1317,1317,1317,731,2011,3,"74,652",Delhi,190000
1318,1318,1318,732,2013,1,"75,263",Delhi,320000
1319,1319,1319,733,2012,1,"1,45,569",Delhi,310000
1320,1320,1320,734,2009,1,"1,39,601",Delhi,160000
1321,1321,1321,735,2012,1,"87,070",Delhi,350000
1322,1322,1322,736,2015,2,"1,46,564",Delhi,354000
1323,1323,1323,737,2015,1,"96,195",Delhi,440000
1324,1324,1324,738,2013,1,"65,256",Delhi,390000
1325,1325,1325,739,2014,1,"1,30,352",Delhi,430000
1326,1326,1326,740,2012,1,"82,477",Delhi,300000
1327,1327,1327,741,2015,1,"86,330",Delhi,440000
1328,1328,1328,742,2015,1,"62,113",Delhi,430000
1329,1329,1329,743,2010,1,"1,65,869",Delhi,200000
1330,1330,1330,744,2011,1,"1,64,785",Delhi,203000
1331,1331,1331,745,2015,1,"9,934",Delhi,446000
1332,1332,1332,746,2014,1,"48,133",Delhi,390000
1333,1333,1333,747,2011,1,"1,61,241",Delhi,200000
1334,1334,1334,748,2011,2,"1,44,445",Delhi,260000
1335,1335,1335,749,2014,2,"69,257",Delhi,380000
1336,1336,1336,750,2014,3,"71,900",Delhi,430000
1337,1337,1337,751,2013,1,"99,927",Delhi,320000
1338,1338,1338,752,2014,1,"97,872",Delhi,250000
1339,1339,1339,753,2013,1,"1,08,386",Delhi,280000
1340,1340,1340,754,2014,1,"97,497",Delhi,325000
1341,1341,1341,755,2011,2,"1,01,866",Delhi,200000
1342,1342,1342,756,2015,2,"12,228",Delhi,480000
1343,1343,1343,757,2010,1,"90,075",Delhi,150000
1344,1344,1344,758,2014,1,"76,543",Delhi,350000
1345,1345,1345,759,2016,2,"39,315",Delhi,400000
1346,1346,1346,760,2015,1,"1,12,263",Delhi,340000
1347,1347,1347,761,2016,2,"87,856",Delhi,355000
1348,1348,1348,762,2012,2,"74,429",Delhi,310000
1349,1349,1349,763,2013,1,"40,977",Delhi,390000
1350,1350,1350,764,2010,1,"59,406",Delhi,205000
1351,1351,1351,765,2011,1,"1,28,892",Delhi,200000
1352,1352,1352,766,2012,1,"1,80,687",Delhi,245000
1353,1353,1353,767,2009,2,"39,397",Delhi,180000
1354,1354,1354,768,2016,1,"69,289",Delhi,500000
1355,1355,1355,769,2009,3,"1,31,103",Delhi,145000
1356,1356,1356,770,2013,2,"63,452",Delhi,370000
1357,1357,1357,771,2008,3,"77,308",Delhi,135000
1358,1358,1358,772,2014,1,"98,087",Delhi,365000
1359,1359,1359,773,2009,3,"93,974",Delhi,140000
1360,1360,1360,774,2013,1,"76,463",Delhi,320000
1361,1361,1361,775,2010,3,"87,896",Delhi,170000
1362,1362,1362,776,2012,2,"42,625",Delhi,360000
1363,1363,1363,777,2015,1,"79,999",Delhi,315000
1364,1364,1364,778,2015,2,"20,091",Delhi,400000
1365,1365,1365,779,2016,2,"43,029",Delhi,435000
1366,1366,1366,780,2010,1,"1,04,651",Delhi,200000
1367,1367,1367,781,2015,1,"94,002",Delhi,300000
1368,1368,1368,782,2010,2,"1,38,905",Delhi,250000
1369,1369,1369,783,2013,1,"80,832",Delhi,300000
1370,1370,1370,784,2011,1,"5,730",Delhi,225000
1371,1371,1371,785,2015,3,"1,92,225",Delhi,285000
1372,1372,1372,786,2014,1,"1,65,916",Delhi,250000
1373,1373,1373,787,2016,1,"67,679",Delhi,450000
1374,1374,1374,788,2014,1,"68,404",Delhi,380000
1375,1375,1375,789,2010,1,"1,92,779",Delhi,130000
1376,1376,1376,790,2012,3,"62,129",Delhi,270000
1377,1377,1377,791,2010,1,"1,77,517",Delhi,150000
1378,1378,1378,792,2011,1,"1,78,494",Delhi,190000
1379,1379,1379,793,2015,2,"55,689",Delhi,390000
1380,1380,1380,794,2013,1,"40,783",Delhi,340000
1381,1381,1381,795,2012,1,"25,993",Delhi,360000
1382,1382,1382,796,2010,3,"1,06,776",Delhi,190000
1383,1383,1383,797,2016,1,"47,754",Delhi,540000
1384,1384,1384,798,2014,1,"58,666",Delhi,450000
1385,1385,1385,799,2011,2,"39,396",Delhi,250000
1386,1386,1386,800,2014,1,"91,358",Delhi,438000
1387,1387,1387,801,2013,3,"1,10,115",Delhi,320000
1388,1388,1388,802,2010,2,"1,27,211",Delhi,195000
1389,1389,1389,803,2012,3,"1,09,489",Delhi,300000
1390,1390,1390,804,2013,2,"57,657",Delhi,325000
1391,1391,1391,805,2008,3,"1,03,179",Delhi,150000
1392,1392,1392,806,2013,2,"36,554",Delhi,258000
1393,1393,1393,807,2013,1,"83,847",Delhi,370000
1394,1394,1394,808,2015,1,"76,871",Delhi,350000
1395,1395,1395,809,2013,1,"1,10,416",Delhi,290000
1396,1396,1396,810,2013,1,"76,605",Delhi,210000
1397,1397,1397,811,2011,3,"1,30,933",Delhi,180000
1398,1398,1398,812,2008,1,"2,55,733",Delhi,90000
1399,1399,1399,813,2012,1,"53,131",Delhi,300000
1400,1400,1400,814,2013,1,"80,788",Delhi,350000
1401,1401,1401,815,2016,2,"48,428",Delhi,455000
1402,1402,1402,816,2014,2,"19,228",Delhi,415000
1403,1403,1403,817,2012,3,"1,65,608",Delhi,270000
1404,1404,1404,818,2010,2,"38,230",Delhi,200000
1405,1405,1405,819,2012,2,"65,723",Delhi,280000
1406,1406,1406,820,2015,1,"49,643",Delhi,380000
1407,1407,1407,821,2011,1,"1,23,755",Delhi,250000
1408,1408,1408,822,2012,1,"1,51,564",Delhi,250000
1409,1409,1409,823,2010,1,"2,30,070",Delhi,125000
1410,1410,1410,824,2010,1,"1,31,487",Delhi,185000
1411,1411,1411,825,2012,1,"1,36,294",Delhi,290000
1412,1412,1412,826,2015,1,"70,859",Delhi,320000
1413,1413,1413,827,2013,1,"1,09,760",Delhi,400000
1414,1414,1414,828,2013,1,"56,215",Delhi,234000
1415,1415,1415,829,2013,1,"82,422",Delhi,340000
1416,1416,1416,830,2010,2,"83,866",Delhi,210000
1417,1417,1417,831,2014,2,"68,460",Delhi,345000
1418,1418,1418,832,2014,2,"23,574",Delhi,345000
1419,1419,1419,833,2011,3,"1,63,869",Delhi,160000
1420,1420,1420,834,2014,2,"96,680",Delhi,375000
1421,1421,1421,835,2014,2,"47,696",Delhi,345000
1422,1422,1422,836,2012,1,"51,078",Delhi,300000
1423,1423,1423,837,2014,1,"61,392",Delhi,370000
1424,1424,1424,838,2014,1,"63,341",Delhi,400000
1425,1425,1425,839,2008,2,"80,187",Delhi,135000
1426,1426,1426,840,2014,1,"71,230",Delhi,360000
1427,1427,1427,841,2012,1,"77,907",Delhi,320000
1428,1428,1428,842,2008,2,"1,47,167",Delhi,135000
1429,1429,1429,843,2015,1,"49,028",Delhi,350000
1430,1430,1430,844,2014,1,"76,152",Delhi,295000
1431,1431,1431,845,2014,3,"2,05,350",Delhi,325000
1432,1432,1432,846,2010,3,"97,185",Delhi,230000
1433,1433,1433,847,2011,1,"66,305",Delhi,260000
1434,1434,1434,848,2011,2,"74,441",Delhi,280000
1435,1435,1435,849,2012,1,"1,43,035",Delhi,190000
1436,1436,1436,850,2014,2,"51,577",Delhi,375000
1437,1437,1437,851,2010,1,"89,131",Delhi,250000
1438,1438,1438,852,2009,3,"1,14,925",Delhi,160000
1439,1439,1439,853,2011,1,"1,17,332",Delhi,190000
1440,1440,1440,854,2008,1,"2,99,912",Delhi,170000
1441,1441,1441,855,2015,1,"1,00,025",Delhi,270000
1442,1442,1442,856,2015,1,"67,827",Delhi,440000
1443,1443,1443,857,2016,1,"72,800",Delhi,440000
1444,1444,1444,858,2010,1,"1,59,902",Delhi,210000
1445,1445,1445,859,2012,1,"72,726",Delhi,220000
1446,1446,1446,860,2014,1,"84,621",Delhi,390000
1447,1447,1447,861,2013,1,"57,848",Delhi,320000
1448,1448,1448,862,2016,2,"75,841",Delhi,500000
1449,1449,1449,863,2014,1,"1,49,476",Delhi,420000
1450,1450,1450,864,2013,1,"1,27,987",Delhi,320000
1451,1451,1451,865,2013,1,"80,897",Delhi,325000
1452,1452,1452,866,2011,1,"89,197",Delhi,225000
1453,1453,1453,867,2014,2,"64,875",Delhi,375000
1454,1454,1454,868,2015,3,"38,204",Delhi,360000
1455,1455,1455,869,2012,2,"53,251",Delhi,310000
1456,1456,1456,870,2015,1,"58,383",Delhi,350000
1457,1457,1457,871,2011,1,"90,197",Delhi,270000
1458,1458,1458,872,2010,2,"61,960",Delhi,280000
1459,1459,1459,873,2012,1,"1,13,816",Delhi,290000
1460,1460,1460,874,2010,2,"46,571",Delhi,210000
1461,1461,1461,875,2012,1,"58,501",Delhi,295000
1462,1462,1462,876,2011,3,"70,897",Delhi,179000
1463,1463,1463,877,2015,2,"29,838",Delhi,425000
1464,1464,1464,878,2011,1,"2,13,272",Delhi,230000
1465,1465,1465,879,2012,1,"63,363",Delhi,310000
1466,1466,1466,880,2014,1,"69,801",Delhi,325000
1467,1467,1467,881,2012,1,"60,244",Delhi,335000
1468,1468,1468,882,2009,2,"72,350",Delhi,175000
1469,1469,1469,883,2011,1,"1,06,428",Delhi,185000
1470,1470,1470,884,2013,1,"82,782",Delhi,300000
1471,1471,1471,885,2008,2,"1,27,383",Delhi,140000
1472,1472,1472,886,2013,1,"74,076",Delhi,315000
1473,1473,1473,887,2009,2,"1,11,532",Delhi,140000
1474,1474,1474,888,2013,2,"57,869",Delhi,280000
1475,1475,1475,889,2015,1,"1,14,103",Delhi,410000
1476,1476,1476,890,2015,1,"92,729",Delhi,340000
1477,1477,1477,891,2013,1,"64,676",Delhi,280000
1478,1478,1478,892,2014,2,"64,666",Delhi,360000
1479,1479,1479,893,2008,3,"84,001",Delhi,150000
1480,1480,1480,894,2012,2,"63,568",Delhi,295000
1481,1481,1481,895,2011,1,"1,67,803",Delhi,225000
1482,1482,1482,896,2015,1,"92,931",Delhi,345000
1483,1483,1483,897,2013,1,"1,16,067",Delhi,315000
1484,1484,1484,898,2010,1,"1,48,917",Delhi,190000
1485,1485,1485,899,2015,2,"71,700",Delhi,390000
1486,1486,1486,900,2011,1,"89,552",Delhi,225000
1487,1487,1487,901,2015,1,"71,507",Delhi,355000
1488,1488,1488,902,2013,1,"92,198",Delhi,280000
1489,1489,1489,903,2012,1,"69,103",Delhi,295000
1490,1490,1490,904,2009,3,"1,46,149",Delhi,150000
1491,1491,1491,905,2012,1,"52,801",Delhi,275000
1492,1492,1492,906,2010,3,"1,12,085",Delhi,155000
1493,1493,1493,907,2014,1,"54,239",Delhi,340000
1494,1494,1494,908,2012,1,"93,911",Delhi,340000
1495,1495,1495,909,2014,1,"1,09,780",Delhi,300000
1496,1496,1496,910,2014,1,"53,584",Delhi,420000
1497,1497,1497,911,2013,1,"62,661",Delhi,325000
1498,1498,1498,912,2015,1,"66,655",Delhi,330000
1499,1499,1499,913,2013,1,"53,102",Delhi,390000
1500,1500,1500,914,2015,1,"55,295",Delhi,420000
1501,1501,1501,915,2015,1,"62,668",Delhi,450000
1502,1502,1502,916,2014,3,"71,692",Delhi,300000
1503,1503,1503,917,2012,1,"69,295",Delhi,260000
1504,1504,1504,918,2011,2,"71,667",Delhi,205000
1505,1505,1505,919,2014,1,"49,937",Delhi,350000
1506,1506,1506,920,2016,1,"68,255",Delhi,475000
1507,1507,1507,921,2012,1,"1,01,543",Delhi,360000
1508,1508,1508,922,2012,1,"74,465",Delhi,350000
1509,1509,1509,923,2014,1,"2,33,468",Delhi,300000
1510,1510,1510,924,2012,1,"93,297",Delhi,350000
1511,1511,1511,925,2008,3,"64,412",Delhi,110000
1512,1512,1512,926,2010,2,"43,320",Delhi,170000
1513,1513,1513,927,2013,1,"1,07,449",Delhi,300000
1514,1514,1514,928,2013,2,"93,167",Delhi,375000
1515,1515,1515,929,2014,2,"64,436",Delhi,355000
1516,1516,1516,930,2014,1,"42,633",Delhi,350000
1517,1517,1517,931,2011,1,"82,710",Delhi,225000
1518,1518,1518,932,2009,2,"1,33,044",Delhi,180000
1519,1519,1519,933,2011,1,"2,17,323",Delhi,205158
1520,1520,1520,934,2014,1,"75,325",Delhi,400000
1521,1521,1521,935,2015,1,"60,773",Delhi,450000
1522,1522,1522,936,2013,2,"45,340",Delhi,350000
1523,1523,1523,937,2013,1,"1,92,754",Delhi,300000
1524,1524,1524,938,2013,1,"1,06,828",Delhi,300000
1525,1525,1525,939,2011,1,"1,98,896",Delhi,185000
1526,1526,1526,940,2008,3,"74,067",Delhi,170000
1527,1527,1527,941,2010,1,"1,39,757",Delhi,140000
1528,1528,1528,942,2012,1,"73,209",Delhi,280000
1529,1529,1529,943,2014,1,"1,51,167",Delhi,420000
1530,1530,1530,944,2012,2,"66,507",Delhi,310000
1531,1531,1531,945,2009,2,"73,537",Delhi,165000
1532,1532,1532,946,2013,2,"48,149",Delhi,350000
1533,1533,1533,947,2014,1,"1,46,417",Delhi,400000
1534,1534,1534,948,2012,2,"91,712",Delhi,240000
1535,1535,1535,949,2012,1,"83,679",Delhi,300000
1536,1536,1536,950,2014,1,"64,434",Delhi,390000
1537,1537,1537,951,2012,1,"70,180",Delhi,310000
1538,1538,1538,952,2011,1,"95,976",Delhi,210000
1539,1539,1539,953,2011,1,"87,239",Delhi,200000
1540,1540,1540,954,2008,2,"97,538",Delhi,125000
1541,1541,1541,955,2016,2,"34,181",Delhi,420000
1542,1542,1542,956,2012,3,"1,09,218",Delhi,283140
1543,1543,1543,957,2015,1,"1,12,635",Delhi,350000
1544,1544,1544,958,2014,1,"76,622",Delhi,420000
1545,1545,1545,959,2015,1,"42,941",Delhi,475000
1546,1546,1546,960,2015,3,"32,408",Delhi,450000
1547,1547,1547,961,2015,1,"53,904",Delhi,400000
1548,1548,1548,962,2012,1,"1,31,220",Delhi,205000
1549,1549,1549,963,2011,1,"50,878",Delhi,200000
1550,1550,1550,964,2010,1,"1,48,945",Delhi,200000
1551,1551,1551,965,2013,1,"74,721",Delhi,350000
1552,1552,1552,966,2010,2,"45,410",Delhi,200000
1553,1553,1553,967,2013,1,"28,821",Delhi,400000
1554,1554,1554,968,2010,1,"1,21,531",Delhi,185000
1555,1555,1555,969,2013,1,"1,06,779",Delhi,300000
1556,1556,1556,970,2011,1,"2,16,313",Delhi,210000
1557,1557,1557,971,2014,1,"1,43,023",Delhi,250000
1558,1558,1558,972,2015,1,"85,973",Delhi,350000
1559,1559,1559,973,2012,1,"93,395",Delhi,300000
1560,1560,1560,974,2015,1,"48,135",Delhi,420000
1561,1561,1561,975,2009,3,"48,074",Delhi,165000
1562,1562,1562,976,2010,1,"85,299",Delhi,225000
1563,1563,1563,977,2010,3,"89,043",Delhi,185000
1564,1564,1564,978,2014,1,"57,608",Delhi,300000
1565,1565,1565,979,2013,1,"1,12,423",Delhi,330000
1566,1566,1566,980,2010,3,"80,993",Delhi,200000
1567,1567,1567,981,2014,1,"84,546",Delhi,360000
1568,1568,1568,982,2012,1,"1,52,215",Delhi,310000
1569,1569,1569,983,2014,2,"54,998",Delhi,320000
1570,1570,1570,984,2013,2,"45,020",Delhi,350000
1571,1571,1571,985,2013,1,"1,00,373",Delhi,400000
1572,1572,1572,986,2011,1,"1,05,284",Delhi,250000
1573,1573,1573,987,2013,1,"78,385",Delhi,400000
1574,1574,1574,988,2014,1,"1,07,117",Delhi,325000
1575,1575,1575,989,2014,1,"1,21,375",Delhi,275000
1576,1576,1576,990,2014,1,"28,244",Delhi,360000
1577,1577,1577,991,2010,2,"1,00,959",Delhi,200000
1578,1578,1578,992,2014,2,"61,863",Delhi,320000
1579,1579,1579,993,2011,3,"97,861",Delhi,220000
1580,1580,1580,994,2013,3,"75,415",Delhi,280000
1581,1581,1581,995,2015,1,"81,314",Delhi,520000
1582,1582,1582,996,2009,3,"1,11,129",Delhi,140000
1583,1583,1583,997,2016,2,"64,570",Delhi,375000
1584,1584,1584,998,2009,2,"30,054",Delhi,215000
1585,1585,1585,999,2011,1,"26,494",Delhi,285000
1586,1586,1586,1000,2013,1,"30,251",Delhi,435000
1587,1587,1587,1001,2010,2,"57,956",Delhi,225000
1588,1588,1588,1002,2015,1,"42,861",Delhi,450000
1589,1589,1589,1003,2015,1,"80,329",Delhi,480000
1590,1590,1590,1004,2013,1,"1,20,295",Delhi,320000
1591,1591,1591,1005,2014,1,"1,46,190",Delhi,300000
1592,1592,1592,1006,2012,1,"97,591",Delhi,330000
1593,1593,1593,1007,2012,1,"1,12,041",Delhi,290000
1594,1594,1594,1008,2012,2,"63,804",Delhi,350000
1595,1595,1595,1009,2011,1,"89,274",Delhi,250000
1596,1596,1596,1010,2013,1,"63,674",Delhi,350000
1597,1597,1597,1011,2010,3,"1,38,129",Delhi,160000
1598,1598,1598,1012,2013,3,"54,086",Delhi,325000
1599,1599,1599,1013,2011,1,"1,48,007",Delhi,200000
1600,1600,1600,1014,2011,1,"1,34,725",Delhi,230000
1601,1601,1601,1015,2014,1,"76,743",Delhi,370000
1602,1602,1602,1016,2014,1,"1,03,503",Delhi,350000
1603,1603,1603,1017,2013,1,"26,775",Delhi,450000
1604,1604,1604,1018,2012,1,"2,13,827",Delhi,300000
1605,1605,1605,1019,2013,2,"61,041",Delhi,320000
1606,1606,1606,1020,2014,1,"93,327",Delhi,320000
1607,1607,1607,1021,2016,1,"42,124",Delhi,500000
1608,1608,1608,1022,2012,1,"1,09,987",Delhi,270000
1609,1609,1609,1023,2012,1,"81,219",Delhi,350000
1610,1610,1610,1024,2009,2,"60,029",Delhi,150000
1611,1611,1611,1025,2008,2,"77,655",Delhi,150000
1612,1612,1612,1026,2014,1,"1,22,116",Delhi,300000
1613,1613,1613,1027,2010,3,"1,54,536",Delhi,170000
1614,1614,1614,1028,2010,2,"43,090",Delhi,230000
1615,1615,1615,1029,2011,2,"29,062",Delhi,250000
1616,1616,1616,1030,2014,1,"37,117",Delhi,460000
1617,1617,1617,1031,2014,1,"1,02,740",Delhi,310000
1618,1618,1618,1032,2011,1,"73,180",Delhi,200000
1619,1619,1619,1033,2014,1,"62,161",Delhi,350000
1620,1620,1620,1034,2010,2,"1,11,066",Delhi,210000
1621,1621,1621,1035,2013,2,"43,604",Delhi,320000
1622,1622,1622,1036,2011,3,"83,595",Delhi,150000
1623,1623,1623,1037,2016,2,"34,944",Delhi,450000
1624,1624,1624,1038,2010,1,"82,921",Delhi,230000
1625,1625,1625,1039,2012,1,"82,779",Delhi,300000
1626,1626,1626,1040,2014,1,"70,080",Delhi,370000
1627,1627,1627,1041,2011,1,"85,940",Delhi,240000
1628,1628,1628,1042,2010,3,"1,10,197",Delhi,180000
1629,1629,1629,1043,2010,1,"1,30,591",Delhi,250000
1630,1630,1630,1044,2016,1,"36,583",Delhi,420000
1631,1631,1631,1045,2009,3,"1,03,616",Delhi,160000
1632,1632,1632,1046,2013,1,"51,641",Delhi,350000
1633,1633,1633,1047,2010,1,"65,589",Delhi,225000
1634,1634,1634,1048,2012,2,"40,993",Delhi,325000
1635,1635,1635,1049,2008,3,"83,419",Delhi,154000
1636,1636,1636,1050,2013,1,"44,982",Delhi,340000
1637,1637,1637,1051,2013,1,"30,467",Delhi,400000
1638,1638,1638,1052,2011,1,"1,61,517",Delhi,220000
1639,1639,1639,1053,2013,1,"78,748",Delhi,325000
1640,1640,1640,1054,2013,1,"66,262",Delhi,330000
1641,1641,1641,1055,2013,1,"60,641",Delhi,315000
1642,1642,1642,1056,2010,2,"1,29,406",Delhi,175000
1643,1643,1643,1057,2014,1,"59,805",Delhi,330000
1644,1644,1644,1058,2015,1,"30,764",Delhi,400000
1645,1645,1645,1059,2011,1,"90,629",Delhi,225000
1646,1646,1646,1060,2014,1,"72,405",Delhi,350000
1647,1647,1647,1061,2011,3,"73,926",Delhi,200000
1648,1648,1648,1062,2012,1,"1,42,705",Delhi,300000
1649,1649,1649,1063,2009,2,"82,071",Delhi,176000
1650,1650,1650,1064,2014,1,"1,21,350",Delhi,370000
1651,1651,1651,1065,2016,2,"38,725",Delhi,500000
1652,1652,1652,1066,2014,1,"1,24,285",Delhi,280000
1653,1653,1653,1067,2008,2,"74,777",Delhi,170000
1654,1654,1654,1068,2010,1,"77,487",Delhi,200000
1655,1655,1655,1069,2013,1,"1,72,906",Delhi,325000
1656,1656,1656,1070,2011,1,"51,306",Delhi,280000
1657,1657,1657,1071,2008,3,"98,030",Delhi,150000
1658,1658,1658,1072,2013,1,"96,991",Delhi,330000
1659,1659,1659,1073,2015,1,"1,12,832",Delhi,350000
1660,1660,1660,1074,2014,1,"94,834",Delhi,280000
1661,1661,1661,1075,2012,1,"38,344",Delhi,350000
1662,1662,1662,1076,2013,1,"61,906",Delhi,320000
1663,1663,1663,1077,2014,1,"66,470",Delhi,400000
1664,1664,1664,1078,2009,2,"34,879",Delhi,125000
1665,1665,1665,1079,2015,2,"26,179",Delhi,480000
1666,1666,1666,1080,2014,1,"1,15,572",Delhi,400000
1667,1667,1667,1081,2012,1,"1,57,626",Delhi,350000
1668,1668,1668,1082,2012,1,"56,632",Delhi,350000
1669,1669,1669,1083,2014,1,"1,69,152",Delhi,320000
1670,1670,1670,1084,2014,1,"1,01,191",Delhi,290000
1671,1671,1671,1085,2014,1,"84,847",Delhi,400000
1672,1672,1672,1086,2012,1,"62,637",Delhi,305000
1673,1673,1673,1087,2012,1,"1,42,281",Delhi,300000
1674,1674,1674,1088,2009,2,"1,48,575",Delhi,150000
1675,1675,1675,1089,2010,2,"32,500",Delhi,160000
1676,1676,1676,1090,2015,2,"54,551",Delhi,400000
1677,1677,1677,1091,2013,1,"86,870",Delhi,350000
1678,1678,1678,1092,2012,1,"91,981",Delhi,280000
1679,1679,1679,1093,2012,2,"36,512",Delhi,325000
1680,1680,1680,1094,2013,1,"90,459",Delhi,350000
1681,1681,1681,1095,2014,1,"34,538",Delhi,415000
1682,1682,1682,1096,2009,1,"1,36,270",Delhi,200000
1683,1683,1683,1097,2014,1,"1,13,160",Delhi,350000
1684,1684,1684,1098,2009,2,"82,287",Delhi,180000
1685,1685,1685,1099,2012,1,"77,310",Delhi,330000
1686,1686,1686,1100,2010,1,"69,417",Delhi,300000
1687,1687,1687,1101,2009,2,"43,211",Delhi,210000
1688,1688,1688,1102,2009,3,"83,707",Delhi,200000
1689,1689,1689,1103,2011,2,"92,572",Delhi,223000
1690,1690,1690,1104,2012,1,"98,903",Delhi,300000
1691,1691,1691,1105,2014,1,"1,14,425",Delhi,395000
1692,1692,1692,1106,2014,1,"82,603",Delhi,350000
1693,1693,1693,1107,2010,1,"96,466",Delhi,210000
1694,1694,1694,1108,2015,1,"58,558",Delhi,365000
1695,1695,1695,1109,2014,1,"86,136",Delhi,300000
1696,1696,1696,1110,2017,2,"30,020",Delhi,500000
1697,1697,1697,1111,2011,3,"84,684",Delhi,225000
1698,1698,1698,1112,2014,1,"1,42,426",Delhi,350000
1699,1699,1699,1113,2014,1,"65,705",Delhi,415000
1700,1700,1700,1114,2013,1,"1,65,632",Delhi,375000
1701,1701,1701,1115,2012,1,"1,32,089",Delhi,325000
1702,1702,1702,1116,2014,1,"58,301",Delhi,400000
1703,1703,1703,1117,2013,1,"81,440",Delhi,310000
1704,1704,1704,1118,2013,1,"1,06,850",Delhi,300000
1705,1705,1705,1119,2013,1,"73,846",Delhi,325000
1706,1706,1706,1120,2010,1,"1,21,656",Delhi,200000
1707,1707,1707,1121,2012,3,"54,978",Delhi,250000
1708,1708,1708,1122,2010,1,"2,58,665",Delhi,180000
1709,1709,1709,1123,2010,1,"1,32,244",Delhi,200000
1710,1710,1710,1124,2011,1,"96,213",Delhi,310000
1711,1711,1711,1125,2011,1,"72,319",Delhi,290000
1712,1712,1712,1126,2013,1,"40,992",Delhi,370000
1713,1713,1713,1127,2012,3,"61,505",Delhi,270000
1714,1714,1714,1128,2014,1,"68,131",Delhi,360000
1715,1715,1715,1129,2014,1,"84,119",Delhi,450000
1716,1716,1716,1130,2009,3,"1,78,912",Delhi,130000
1717,1717,1717,1131,2012,1,"65,634",Delhi,230000
1718,1718,1718,1132,2012,1,"33,465",Delhi,310000
1719,1719,1719,1133,2009,3,"1,07,142",Delhi,185000
1720,1720,1720,1134,2015,2,"47,227",Delhi,420000
1721,1721,1721,1135,2014,1,"89,410",Delhi,310000
1722,1722,1722,1136,2011,3,"74,972",Delhi,200000
1723,1723,1723,1137,2012,1,"80,592",Delhi,300000
1724,1724,1724,1138,2008,3,"1,15,338",Delhi,120000
1725,1725,1725,1139,2014,1,"52,464",Delhi,400000
1726,1726,1726,1140,2008,3,"1,14,399",Delhi,120000
1727,1727,1727,1141,2010,2,"1,21,422",Delhi,160000
1728,1728,1728,1142,2008,1,"83,964",Delhi,150000
1729,1729,1729,1143,2011,1,"1,26,347",Delhi,257000
1730,1730,1730,1144,2012,1,"96,166",Delhi,275000
1731,1731,1731,1145,2011,1,"1,02,250",Delhi,200000
1732,1732,1732,1146,2012,1,"1,24,919",Delhi,315000
1733,1733,1733,1147,2016,3,"51,411",Delhi,410000
1734,1734,1734,1148,2015,1,"30,957",Delhi,450000
1735,1735,1735,1149,2011,1,"1,45,009",Delhi,200000
1736,1736,1736,1150,2014,1,"57,938",Delhi,315000
1737,1737,1737,1151,2012,1,"57,575",Delhi,270000
1738,1738,1738,1152,2011,2,"77,490",Delhi,250000
1739,1739,1739,1153,2010,1,"83,146",Delhi,150000
1740,1740,1740,1154,2013,2,"1,58,805",Delhi,280000
1741,1741,1741,1155,2013,1,"1,10,249",Delhi,250000
1742,1742,1742,1156,2014,1,"1,34,705",Delhi,300000
1743,1743,1743,1157,2015,1,"80,573",Delhi,425000
1744,1744,1744,1158,2009,3,"70,936",Delhi,160000
1745,1745,1745,1159,2011,1,"1,01,143",Delhi,170000
1746,1746,1746,1160,2013,1,"52,947",Delhi,380000
1747,1747,1747,1161,2013,2,"1,30,595",Delhi,250000
1748,1748,1748,1162,2014,2,"53,907",Delhi,360000
1749,1749,1749,1163,2014,1,"1,75,173",Delhi,410000
1750,1750,1750,1164,2015,2,"17,277",Delhi,500000
1751,1751,1751,1165,2008,1,"1,13,556",Delhi,140000
1752,1752,1752,1166,2012,3,"73,498",Delhi,210000
1753,1753,1753,1167,2014,1,"99,181",Delhi,280000
1754,1754,1754,1168,2015,1,"1,95,521",Delhi,300000
1755,1755,1755,1169,2014,1,"69,701",Delhi,400000
1756,1756,1756,1170,2014,1,"69,205",Delhi,400000
1757,1757,1757,1171,2012,1,"1,07,325",Delhi,330000
1758,1758,1758,1172,2015,1,"35,722",Delhi,345000
1759,1759,1759,1173,2014,1,"23,891",Delhi,410000
1760,1760,1760,1174,2012,2,"88,848",Delhi,300000
1761,1761,1761,1175,2017,1,"45,859",Delhi,550000
1762,1762,1762,1176,2012,1,"1,20,000",Delhi,280000
1763,1763,1763,1177,2011,1,"1,11,586",Delhi,225000
1764,1764,1764,1178,2012,1,"45,760",Delhi,350000
1765,1765,1765,1179,2012,1,"1,20,371",Delhi,350000
1766,1766,1766,1180,2008,3,"54,910",Delhi,175000
1767,1767,1767,1181,2014,1,"91,852",Delhi,340000
1768,1768,1768,1182,2014,1,"1,07,483",Delhi,285000
1769,1769,1769,1183,2014,1,"77,911",Delhi,380000
1770,1770,1770,1184,2011,3,"1,66,542",Delhi,200000
1771,1771,1771,1185,2011,1,"1,08,865",Delhi,250000
1772,1772,1772,1186,2008,3,"2,33,058",Delhi,210000
1773,1773,1773,1187,2014,1,"1,38,096",Delhi,400000
1774,1774,1774,1188,2014,1,"1,32,567",Delhi,315000
1775,1775,1775,1189,2016,2,"29,247",Delhi,375000
1776,1776,1776,1190,2012,1,"1,14,776",Delhi,225000
1777,1777,1777,1191,2013,1,"92,076",Delhi,270000
1778,1778,1778,1192,2013,1,"33,151",Delhi,300000
1779,1779,1779,1193,2014,1,"66,605",Delhi,350000
1780,1780,1780,1194,2010,1,"86,435",Delhi,200000
1781,1781,1781,1195,2015,1,"55,352",Delhi,450000
1782,1782,1782,1196,2010,3,"88,534",Delhi,190000
1783,1783,1783,1197,2013,1,"1,09,971",Delhi,440000
1784,1784,1784,1198,2011,3,"74,514",Delhi,210000
1785,1785,1785,1199,2016,2,"1,04,324",Delhi,400000
1786,1786,1786,1200,2014,1,"66,901",Delhi,370000
1787,1787,1787,1201,2012,1,"1,09,608",Delhi,320000
1788,1788,1788,1202,2013,1,"1,07,472",Delhi,310000
1789,1789,1789,1203,2010,2,"77,164",Delhi,200000
1790,1790,1790,1204,2011,1,"1,04,348",Delhi,250000
1791,1791,1791,1205,2013,2,"72,590",Delhi,320000
1792,1792,1792,1206,2010,3,"80,776",Delhi,200000
1793,1793,1793,1207,2016,1,"79,094",Delhi,650000
1794,1794,1794,1208,2008,3,"84,539",Delhi,153000
1795,1795,1795,1209,2012,1,"1,28,267",Delhi,270000
1796,1796,1796,1210,2012,1,"49,842",Delhi,350000
1797,1797,1797,1211,2016,1,"35,993",Delhi,500000
1798,1798,1798,1212,2015,1,"86,286",Delhi,350000
1799,1799,1799,1213,2012,1,"92,636",Delhi,400000
1800,1800,1800,1214,2014,1,"1,01,163",Delhi,260000
1801,1801,1801,1215,2014,2,"51,756",Delhi,350000
1802,1802,1802,1216,2008,2,"1,18,847",Delhi,150000
1803,1803,1803,1217,2008,2,"64,250",Delhi,150000
1804,1804,1804,1218,2014,2,"74,910",Delhi,375000
1805,1805,1805,1219,2010,1,"1,33,378",Delhi,200000
1806,1806,1806,1220,2009,2,"44,987",Delhi,175000
1807,1807,1807,1221,2012,3,"45,408",Delhi,350000
1808,1808,1808,1222,2010,1,"1,64,110",Delhi,170000
1809,1809,1809,1223,2010,3,"1,26,421",Delhi,150000
1810,1810,1810,1224,2014,1,"70,126",Delhi,400000
1811,1811,1811,1225,2016,1,"1,25,093",Delhi,450000
1812,1812,1812,1226,2012,1,"1,44,313",Delhi,350000
1813,1813,1813,1227,2013,1,"85,965",Delhi,310000
1814,1814,1814,1228,2014,1,"2,19,242",Delhi,250000
1815,1815,1815,1229,2008,1,"1,16,707",Delhi,225000
1816,1816,1816,1230,2012,2,"1,35,851",Delhi,250000
1817,1817,1817,1231,2013,1,"47,667",Delhi,330000
1818,1818,1818,1232,2015,1,"74,363",Delhi,360000
1819,1819,1819,1233,2013,2,"40,360",Delhi,300000
1820,1820,1820,1234,2012,1,"80,953",Delhi,300000
1821,1821,1821,1235,2014,1,"55,232",Delhi,330000
1822,1822,1822,1236,2013,1,"1,63,953",Delhi,350000
1823,1823,1823,1237,2013,1,"44,359",Delhi,370000
1824,1824,1824,1238,2013,1,"1,51,466",Delhi,250000
1825,1825,1825,1239,2011,1,"1,02,549",Delhi,210000
1826,1826,1826,1240,2011,1,"58,380",Delhi,275000
1827,1827,1827,1241,2008,2,"1,54,060",Delhi,110000
1828,1828,1828,1242,2012,1,"1,50,076",Delhi,300000
1829,1829,1829,1243,2012,1,"58,894",Delhi,350000
1830,1830,1830,1244,2013,1,"1,06,399",Delhi,400000
1831,1831,1831,1245,2010,2,"63,979",Delhi,150000
1832,1832,1832,1246,2012,1,"60,355",Delhi,300000
1833,1833,1833,1247,2014,1,"1,22,102",Delhi,380000
1834,1834,1834,1248,2008,3,"84,272",Delhi,160000
1835,1835,1835,1249,2012,1,"1,04,177",Delhi,320000
1836,1836,1836,1250,2011,1,"1,55,864",Delhi,210000
1837,1837,1837,1251,2013,2,"1,01,343",Delhi,330000
1838,1838,1838,1252,2015,1,"42,906",Delhi,450000
1839,1839,1839,1253,2012,1,"78,745",Delhi,315000
1840,1840,1840,1254,2011,3,"1,37,679",Delhi,250000
1841,1841,1841,1255,2011,2,"1,10,038",Delhi,225000
1842,1842,1842,1256,2014,3,"1,03,108",Delhi,350000
1843,1843,1843,1257,2012,1,"87,762",Delhi,300000
1844,1844,1844,1258,2015,1,"30,989",Delhi,500000
1845,1845,1845,1259,2014,1,"1,04,223",Delhi,380000
1846,1846,1846,1260,2012,3,"94,881",Delhi,265000
1847,1847,1847,1261,2013,1,"83,622",Delhi,380000
1848,1848,1848,1262,2011,1,"1,40,007",Delhi,225000
1849,1849,1849,1263,2014,2,"51,497",Delhi,375000
1850,1850,1850,1264,2015,1,"1,06,218",Delhi,375000
1851,1851,1851,1265,2013,1,"1,85,881",Delhi,330000
1852,1852,1852,1266,2015,1,"64,180",Delhi,400000
1853,1853,1853,1267,2012,1,"65,767",Delhi,340000
1854,1854,1854,1268,2010,1,"2,23,280",Delhi,243000
1855,1855,1855,1269,2014,1,"65,672",Delhi,300000
1856,1856,1856,1270,2014,1,"91,059",Delhi,350000
1857,1857,1857,1271,2019,3,"15,543",Delhi,600000
1858,1858,1858,1272,2008,2,"36,843",Delhi,145000
1859,1859,1859,1273,2011,1,"81,912",Delhi,200000
1860,1860,1860,1274,2015,1,"53,807",Delhi,365000
1861,1861,1861,1275,2010,1,"60,874",Delhi,200000
1862,1862,1862,1276,2009,2,"80,806",Delhi,220000
1863,1863,1863,1277,2013,1,"81,841",Delhi,350000
1864,1864,1864,1278,2013,1,"23,594",Delhi,430000
1865,1865,1865,1279,2015,1,"52,493",Delhi,500000
1866,1866,1866,1280,2013,1,"55,502",Delhi,400000
1867,1867,1867,1281,2014,1,"57,283",Delhi,375000
1868,1868,1868,1282,2012,2,"31,640",Delhi,290000
1869,1869,1869,1283,2010,1,"23,498",Delhi,260000
1870,1870,1870,1284,2011,1,"86,462",Delhi,250000
1871,1871,1871,1285,2009,3,"1,03,421",Delhi,180000
1872,1872,1872,1286,2011,1,"92,330",Delhi,260000
1873,1873,1873,1287,2010,2,"36,336",Delhi,300000
1874,1874,1874,1288,2014,2,"52,854",Delhi,350000
1875,1875,1875,1289,2011,1,"1,05,355",Delhi,250000
1876,1876,1876,1290,2013,1,"68,496",Delhi,360000
1877,1877,1877,1291,2014,2,"69,553",Delhi,315000
1878,1878,1878,1292,2013,1,"71,810",Delhi,310000
1879,1879,1879,1293,2012,1,"1,09,136",Delhi,300000
1880,1880,1880,1294,2012,1,"74,797",Delhi,360000
1881,1881,1881,1295,2010,2,"1,74,761",Delhi,150000
1882,1882,1882,1296,2010,1,"1,46,106",Delhi,200000
1883,1883,1883,1297,2010,1,"1,18,502",Delhi,200000
1884,1884,1884,1298,2014,1,"78,573",Delhi,400000
1885,1885,1885,1299,2009,1,"74,112",Delhi,270000
1886,1886,1886,1300,2016,1,"53,524",Delhi,420000
1887,1887,1887,1301,2011,3,"51,697",Delhi,220000
1888,1888,1888,1302,2015,1,"55,307",Delhi,410000
1889,1889,1889,1303,2009,2,"1,19,362",Delhi,175000
1890,1890,1890,1304,2011,1,"1,04,539",Delhi,225000
1891,1891,1891,1305,2015,1,"71,966",Delhi,400000
1892,1892,1892,1306,2014,1,"1,40,959",Delhi,285000
1893,1893,1893,1307,2014,1,"53,625",Delhi,410000
1894,1894,1894,1308,2012,1,"86,031",Delhi,350000
1895,1895,1895,1309,2016,2,"53,369",Delhi,450000
1896,1896,1896,1310,2008,3,"1,25,048",Delhi,120000
1897,1897,1897,1311,2016,3,"48,910",Delhi,450000
1898,1898,1898,1312,2012,1,"92,495",Delhi,310000
1899,1899,1899,1313,2013,1,"1,26,611",Delhi,300000
1900,1900,1900,1314,2012,2,"33,719",Delhi,340000
1901,1901,1901,1315,2012,1,"98,354",Delhi,280000
1902,1902,1902,1316,2010,1,"97,724",Delhi,200000
1903,1903,1903,1317,2009,1,"2,21,224",Delhi,170000
1904,1904,1904,1318,2010,1,"93,589",Delhi,170000
1905,1905,1905,1319,2015,3,"67,373",Delhi,480000
1906,1906,1906,1320,2014,2,"21,767",Delhi,425000
1907,1907,1907,1321,2014,1,"1,34,006",Delhi,450000
1908,1908,1908,1322,2008,2,"86,417",Delhi,165000
1909,1909,1909,1323,2014,1,"37,619",Delhi,340000
1910,1910,1910,1324,2014,1,"91,877",Delhi,380000
1911,1911,1911,1325,2012,1,"1,30,055",Delhi,260000
1912,1912,1912,1326,2012,2,"92,767",Delhi,325000
1913,1913,1913,1327,2013,1,"33,482",Delhi,380000
1914,1914,1914,1328,2011,1,"86,476",Delhi,265000
1915,1915,1915,1329,2010,1,"1,95,064",Delhi,200000
1916,1916,1916,1330,2011,1,"91,766",Delhi,210000
1917,1917,1917,1331,2013,1,"52,772",Delhi,350000
1918,1918,1918,1332,2012,1,"78,764",Delhi,350000
1919,1919,1919,1333,2013,1,"2,00,000",Delhi,230000
1920,1920,1920,1334,2013,1,"98,282",Delhi,375000
1921,1921,1921,1335,2013,1,"1,02,354",Delhi,300000
1922,1922,1922,1336,2014,1,"88,121",Delhi,310000
1923,1923,1923,1337,2012,2,"1,32,558",Delhi,260000
1924,1924,1924,1338,2014,1,"75,396",Delhi,400000
1925,1925,1925,1339,2008,1,"1,65,707",Delhi,125000
1926,1926,1926,1340,2015,1,"42,956",Delhi,400000
1927,1927,1927,1341,2014,1,"35,362",Delhi,400000
1928,1928,1928,1342,2014,1,"67,755",Delhi,420000
1929,1929,1929,1343,2008,3,"1,39,176",Delhi,140000
1930,1930,1930,1344,2013,1,"92,959",Delhi,300000
1931,1931,1931,1345,2014,1,"52,034",Delhi,450000
1932,1932,1932,1346,2011,1,"1,00,919",Delhi,275000
1933,1933,1933,1347,2015,1,"89,261",Delhi,500000
1934,1934,1934,1348,2015,1,"68,462",Delhi,440000
1935,1935,1935,1349,2015,1,"57,198",Delhi,325000
1936,1936,1936,1350,2012,1,"1,02,181",Delhi,350000
1937,1937,1937,1351,2012,1,"68,326",Delhi,350000
1938,1938,1938,1352,2008,2,"69,647",Delhi,175000
1939,1939,1939,1353,2013,1,"1,56,020",Delhi,295000
1940,1940,1940,1354,2010,1,"1,15,300",Delhi,200000
1941,1941,1941,1355,2011,1,"73,378",Delhi,225000
1942,1942,1942,1356,2011,1,"52,301",Delhi,325000
1943,1943,1943,1357,2012,1,"41,228",Delhi,360000
1944,1944,1944,1358,2010,1,"1,10,833",Delhi,240000
1945,1945,1945,1359,2014,1,"55,941",Delhi,475000
1946,1946,1946,1360,2014,2,"24,419",Delhi,432000
1947,1947,1947,1361,2014,1,"76,854",Delhi,340000
1948,1948,1948,1362,2009,1,"1,91,626",Delhi,175000
1949,1949,1949,1363,2011,2,"27,000",Delhi,350000
1950,1950,1950,1364,2010,2,"1,27,000",Delhi,100000
1951,1951,1951,1365,2010,1,"1,73,163",Delhi,145000
1952,1952,1952,1366,2013,1,"64,360",Delhi,230000
1953,1953,1953,1367,2014,1,"87,274",Delhi,325000
1954,1954,1954,1368,2014,1,"80,461",Delhi,370000
1955,1955,1955,1369,2012,1,"87,281",Delhi,270000
1956,1956,1956,1370,2011,2,"38,533",Delhi,250000
1957,1957,1957,1371,2010,1,"1,08,241",Delhi,150000
1958,1958,1958,1372,2012,1,"1,58,064",Delhi,325000
1959,1959,1959,1373,2010,3,"87,149",Delhi,180000
1960,1960,1960,1374,2011,1,"85,531",Delhi,220000
1961,1961,1961,1375,2009,1,"2,91,119",Delhi,135000
1962,1962,1962,1376,2011,1,"1,05,948",Delhi,170000
1963,1963,1963,1377,2009,3,"92,353",Delhi,150000
1964,1964,1964,1378,2011,1,"1,57,578",Delhi,140000
1965,1965,1965,1379,2009,1,"1,72,650",Delhi,130000
1966,1966,1966,1380,2012,1,"1,01,906",Delhi,270000
1967,1967,1967,1381,2012,2,"11,309",Delhi,270000
1968,1968,1968,1382,2010,2,"43,469",Delhi,185000
1969,1969,1969,1383,2008,1,"1,46,649",Delhi,110000
1970,1970,1970,1384,2011,1,"93,245",Delhi,190000
1971,1971,1971,1385,2012,1,"85,723",Delhi,190000
1972,1972,1972,1386,2010,2,"92,164",Delhi,250000
